"general","specific","api_name_fk"
"BreakpadConfigurer","undefined","BreakpadConfigurer"
"internal","win32","internal/win32/CraReportContext"
"internal","unix","internal/unix/CraReportContext"
"AColor","undefined","AColor"
"AColorResources","undefined","AColorResources"
"wx","wx","wx/window"
"wx","wx","wx/colour"
"wx","wx","wx/dc"
"wx","wx","wx/dcmemory"
"wx","wx","wx/graics"
"wx","wx","wx/settings"
"wx","wx","wx/utils"
"AllemeResources","undefined","AllemeResources"
"eme","undefined","eme"
"AboutDialog","undefined","AboutDialog"
"wx","wx","wx/dialog"
"wxtmltmlwin","undefined","wxtmltmlwin"
"wx","wx","wx/button"
"wxyperlink","undefined","wxyperlink"
"wx","wx","wx/sizer"
"wx","wx","wx/statbmp"
"wx","wx","wx/intl"
"wx","wx","wx/sstream"
"wx","wx","wx/txtstrm"
"wx","wx","wx/statbox"
"wx","wx","wx/stattext"
"FileNames","undefined","FileNames"
"HelpText","undefined","HelpText"
"uttleGui","undefined","uttleGui"
"widgets","widgets","widgets/HelpSystem"
"ui","ui","ui/AccessibleLinksFormatter"
"vamp-sdk","vamp-sdk","../vamp-sdk/FFTimpl"
"images","DarkAudacityLogoWithName","../images/DarkAudacityLogoWithName.xpm"
"images","AudacityLogoWithName","../images/AudacityLogoWithName.xpm"
"RevisionIdent","undefined","RevisionIdent"
"ActiveProject","undefined","ActiveProject"
"KeyboardCapture","undefined","KeyboardCapture"
"Project","undefined","Project"
"ProjectWindows","undefined","ProjectWindows"
"wx","wx","wx/app"
"wx","wx","wx/frame"
"ActiveProjects","undefined","ActiveProjects"
"Prefs","undefined","Prefs"
"wx","wx","wx/filename"
"AdornedRulerPanel","undefined","AdornedRulerPanel"
"wx","wx","wx/setup"
"wx","wx","wx/tooltip"
"Aqua","UpButtonSquare","Aqua/UpButtonSquare.xpm"
"effects","effects","../effects/TimeWarper"
"AudioIO","undefined","AudioIO"
"CellularPanel","undefined","CellularPanel"
"HitTestResult","undefined","HitTestResult"
"Menus","undefined","Menus"
"Aqua","DownButtonSquare","Aqua/DownButtonSquare.xpm"
"Aqua","HiliteButtonSquare","Aqua/HiliteButtonSquare.xpm"
"ProjectAudioIO","undefined","ProjectAudioIO"
"ProjectAudioManager","undefined","ProjectAudioManager"
"Aqua","Up","Aqua/Up.xpm"
"ProjectStatus","undefined","ProjectStatus"
"ProjectWindow","undefined","ProjectWindow"
"RefreCode","undefined","RefreCode"
"Snap","undefined","Snap"
"Track","undefined","Track"
"TrackPanelMouseEvent","undefined","TrackPanelMouseEvent"
"UIHandle","undefined","UIHandle"
"ViewInfo","undefined","ViewInfo"
"prefs","prefs","prefs/TracksPrefs"
"prefs","prefs","prefs/emePrefs"
"toolbars","toolbars","toolbars/ToolBar"
"tracks","ui","tracks/ui/Scrubbing"
"tracks","ui","tracks/ui/TrackView"
"widgets","widgets","widgets/AButton"
"widgets","widgets","widgets/AudacityMessageBox"
"widgets","widgets","widgets/Grabber"
"wx","wx","wx/dcclient"
"wx","wx","wx/menu"
"Aqua","Down","Aqua/Down.xpm"
"AudacityApp","undefined","AudacityApp"
"vld","undefined","vld"
"Aqua","Hilite","Aqua/Hilite.xpm"
"wx","wx","wx/wxcrtvararg"
"wx","wx","wx/defs"
"wx","wx","wx/evtloop"
"Aqua","SliderThumb","Aqua/SliderThumb.xpm"
"wx","wx","wx/bitmap"
"wx","wx","wx/docview"
"wx","wx","wx/event"
"wx","wx","wx/ipc"
"Aqua","Slider","Aqua/Slider.xpm"
"ControlButtons","UpButton","ControlButtons/UpButton.xpm"
"ControlButtons","DownButton","ControlButtons/DownButton.xpm"
"wx","wx","wx/snglinst"
"wx","wx","wx/spla"
"wx","wx","wx/stdpas"
"wx","wx","wx/sysopt"
"wx","wx","wx/fontmap"
"wx","wx","wx/fs_zip"
"wx","wx","wx/image"
"wx","wx","wx/dir"
"wx","wx","wx/file"
"ControlButtons","HiliteButton","ControlButtons/HiliteButton.xpm"
"unistd","undefined","unistd"
"gtk","undefined","gtk/gtk"
"sys","sys","sys/types"
"sys","sys","sys/file"
"sys","sys","sys/stat"
"stdio","undefined","stdio"
"wx","msw","wx/msw/registry"
"AudacityLogger","undefined","AudacityLogger"
"ControlButtons","FFwdAlpha","ControlButtons/FFwdAlpha.xpm"
"toolbars","toolbars","../toolbars/MixerToolBar"
"toolbars","toolbars","../toolbars/DeviceToolBar"
"AudacityFileConfig","undefined","AudacityFileConfig"
"ControlButtons","FFwdDisabled","ControlButtons/FFwdDisabled.xpm"
"Benmark","undefined","Benmark"
"Clipboard","undefined","Clipboard"
"CrashReport","h ","CrashReport.h // for HAS_CRASH_REPORT"
"commands","commands","commands/CommandHandler"
"commands","commands","commands/AppCommandEvent"
"widgets","widgets","widgets/ASlider"
"FFmpeg","undefined","FFmpeg"
"Journal","undefined","Journal"
"Langoice","undefined","Langoice"
"Languages","undefined","Languages"
"ControlButtons","FFwd","ControlButtons/FFwd.xpm"
"PluginManager","undefined","PluginManager"
"ControlButtons","PlayAlpha","ControlButtons/PlayAlpha.xpm"
"ProjectFileIO","undefined","ProjectFileIO"
"ProjectFileManager","undefined","ProjectFileManager"
"ProjectHistory","undefined","ProjectHistory"
"ProjectManager","undefined","ProjectManager"
"ProjectSettings","undefined","ProjectSettings"
"Screenot","undefined","Screenot"
"Sequence","undefined","Sequence"
"SelectFile","undefined","SelectFile"
"TempDirectory","undefined","TempDirectory"
"ControlButtons","PlayDisabled","ControlButtons/PlayDisabled.xpm"
"prefs","prefs","prefs/PrefsDialog"
"ControlButtons","Play","ControlButtons/Play.xpm"
"PlatformCompatibility","undefined","PlatformCompatibility"
"AutoRecoveryDialog","undefined","AutoRecoveryDialog"
"SplaDialog","undefined","SplaDialog"
"FFT","undefined","FFT"
"ControlButtons","Loop","ControlButtons/Loop.xpm"
"prefs","prefs","prefs/DirectoriesPrefs"
"prefs","prefs","prefs/GUIPrefs"
"Printing","undefined","../Printing"
"FileConfig","undefined","FileConfig"
"widgets","widgets","widgets/FileHistory"
"update","update","update/UpdateManager"
"widgets","widgets","widgets/wxWidgetsBasicUI"
"NetworkManager","undefined","NetworkManager"
"prefs","prefs","prefs/KeyConfigPrefs"
"Profiler","undefined","Profiler"
"ModuleManager","undefined","ModuleManager"
"import","import","import/Import"
"ControlButtons","LoopDisabled","ControlButtons/LoopDisabled.xpm"
"effects","effects","effects/ScoreAlignDialog"
"ControlButtons","LoopAlpha","ControlButtons/LoopAlpha.xpm"
"ControlButtons","RecordAlpha","ControlButtons/RecordAlpha.xpm"
"thread","undefined","thread"
"dlfcn","undefined","dlfcn"
"glib-object","undefined","glib-object"
"sys","sys","sys/ipc"
"sys","sys","sys/sem"
"sys","sys","sys/m"
"ControlButtons","RecordDisabled","ControlButtons/RecordDisabled.xpm"
"ControlButtons","Record","ControlButtons/Record.xpm"
"widgets","widgets","widgets/wxPanelWrapper"
"ControlButtons","CleanSpeechAlpha","ControlButtons/CleanSpeechAlpha.xpm"
"images","Help","../images/Help.xpm"
"ControlButtons","CleanSpeechDisabled","ControlButtons/CleanSpeechDisabled.xpm"
"wx","wx","wx/bmpbuttn"
"dirent","undefined","dirent"
"AudacityHeaders","undefined","AudacityHeaders"
"ControlButtons","CleanSpeech","ControlButtons/CleanSpeech.xpm"
"AudioIOExt","undefined","AudioIOExt"
"AudioIOListener","undefined","AudioIOListener"
"float_cast","undefined","float_cast"
"DeviceManager","undefined","DeviceManager"
"cfloat","undefined","cfloat"
"ma","undefined","ma"
"stdlib","undefined","stdlib"
"algorithm","undefined","algorithm"
"numeric","undefined","numeric"
"malloc","undefined","malloc"
"alloca","undefined","alloca"
"portaudio","undefined","portaudio"
"portmixer","undefined","portmixer"
"vampostsdk","vampostsdk","vampostsdk/PluginSummarisingAdapter"
"ControlButtons","RewindAlpha","ControlButtons/RewindAlpha.xpm"
"ControlButtons","RewindDisabled","ControlButtons/RewindDisabled.xpm"
"wx","wx","wx/log"
"wx","wx","wx/textctrl"
"wx","wx","wx/timer"
"ControlButtons","Rewind","ControlButtons/Rewind.xpm"
"wx","wx","wx/debug"
"wx","wx","wx/power"
"Meter","undefined","Meter"
"Mix","undefined","Mix"
"Resample","undefined","Resample"
"RingBuffer","undefined","RingBuffer"
"Decibels","undefined","Decibels"
"climits","undefined","climits"
"vampostsdk","vampostsdk","vampostsdk/PluginWrapper"
"DBConnection","undefined","DBConnection"
"export","export","../export/ExportMP3"
"export","export","../export/ExportMultiple"
"WaveTrack","undefined","WaveTrack"
"effects","effects","effects/RealtimeEffectManager"
"QualitySettings","undefined","QualitySettings"
"import","import","../import/Import"
"BasicUI","undefined","BasicUI"
"pa_linux_alsa","undefined","pa_linux_alsa"
"import","import","../import/ImportMIDI"
"pread","undefined","pread"
"time","undefined","time"
"import","import","../import/ImportRaw"
"vampostsdk","vampostsdk","vampostsdk/RealTime"
"vamp-sdk","vamp-sdk","../vamp-sdk/RealTime"
"vamp-sdk","vamp-sdk","vamp-sdk/FFT"
"ControlButtons","StopAlpha","ControlButtons/StopAlpha.xpm"
"ControlButtons","StopDisabled","ControlButtons/StopDisabled.xpm"
"ControlButtons","Stop","ControlButtons/Stop.xpm"
"FFTimpl","undefined","FFTimpl"
"ControlButtons","Pause","ControlButtons/Pause.xpm"
"ControlButtons","PauseDisabled","ControlButtons/PauseDisabled.xpm"
"ControlButtons","PauseAlpha","ControlButtons/PauseAlpha.xpm"
"AboutDialog","undefined","../AboutDialog"
"Cursors32","CrosshairCursor","Cursors32/CrosshairCursor.xpm"
"wx","wx","wx/filefn"
"strstream","undefined","strstream"
"wx","wx","wx/listctrl"
"BatCommandDialog","undefined","BatCommandDialog"
" wx"," wx"," wx/ownerdrw"
"wx","wx","wx/eckbox"
"wx","wx","wx/oice"
"CrashReport","h ","../CrashReport.h // for HAS_CRASH_REPORT"
"HelpText","undefined","../HelpText"
"LogWindow","undefined","../LogWindow"
"vamp-sdk","vamp-sdk","vamp-sdk/RealTime"
"lilv","lilvmm","lilv/lilvmm.hpp"
"wx","wx","wx/radiobut"
"sord","sordmm","sord/sordmm.hpp"
"wx","wx","wx/string"
"QX11EmbedContainer","undefined","QX11EmbedContainer"
"effects","effects","effects/EffectManager"
"gdk","gdk","gdk/gdkx"
"suil_config","undefined","./suil_config"
"BatCommands","undefined","BatCommands"
"suil_internal","undefined","./suil_internal"
"wx","wx","wx/datetime"
"SplaDialog","undefined","../SplaDialog"
"QVBoxLayout","undefined","QVBoxLayout"
"wx","wx","wx/textfile"
"wx","wx","wx/time"
"QWidget","undefined","QWidget"
"QWindow","undefined","QWindow"
"commands","commands","commands/CommandManager"
"effects","effects","effects/EffectUI"
"QApplication","undefined","QApplication"
"QX11EmbedWidget","undefined","QX11EmbedWidget"
"Cursors32","DisabledCursor","Cursors32/DisabledCursor.xpm"
"Cursors32","RearrangeCursor","Cursors32/RearrangeCursor.xpm"
"SelectUtilities","undefined","SelectUtilities"
"uttle","undefined","uttle"
"Cursors32","RearrangingCursor","Cursors32/RearrangingCursor.xpm"
"UndoManager","undefined","UndoManager"
"Cursors32","EnvCursor","Cursors32/EnvCursor.xpm"
"gtk","gtk","gtk/gtkx"
"commands","commands","commands/CommandContext"
"BatProcessDialog","undefined","BatProcessDialog"
"lv2","lv2","lv2/options/options"
"lv2","lv2","lv2/urid/urid"
"ProjectAudioIO","undefined","../ProjectAudioIO"
"Cursors32","TimeCursor","Cursors32/TimeCursor.xpm"
"Cursors32","IBeamCursor","Cursors32/IBeamCursor.xpm"
"Cursors32","DrawCursor","Cursors32/DrawCursor.xpm"
"gdk","gdk","gdk/gdkwin32"
"Cursors32","ZoomInCursor","Cursors32/ZoomInCursor.xpm"
"Cursors32","ZoomOutCursor","Cursors32/ZoomOutCursor.xpm"
"Cursors32","LabelCursorLeft","Cursors32/LabelCursorLeft.xpm"
"Cursors32","LabelCursorRight","Cursors32/LabelCursorRight.xpm"
"QtEvents","undefined","QtEvents"
"Cursors32","BottomFrequencyCursor","Cursors32/BottomFrequencyCursor.xpm"
"Cursors32","TopFrequencyCursor","Cursors32/TopFrequencyCursor.xpm"
"wx","wx","wx/imaglist"
"Cursors32","BandWidthCursor","Cursors32/BandWidthCursor.xpm"
"QTimerEvent","undefined","QTimerEvent"
"QCloseEvent","undefined","QCloseEvent"
"Cursors32","StretchCursor","Cursors32/StretchCursor.xpm"
"Cursors32","StretchLeftCursor","Cursors32/StretchLeftCursor.xpm"
"Cursors32","StretchRightCursor","Cursors32/StretchRightCursor.xpm"
"Cursors32","SubViewsCursor","Cursors32/SubViewsCursor.xpm"
"RunParameters","undefined","RunParameters"
"sine","h ","sine.h /* sine_table and SINE_TABLE_LEN */"
"Aqua","Down","Aqua/Down.xpm    "
"EditButtons","Up","EditButtons/Up.xpm"
"effects","effects","effects/Effect"
"images","Arrow","../images/Arrow.xpm"
"images","Empty9x16","../images/Empty9x16.xpm"
"widgets","widgets","../widgets/AButton"
"widgets","widgets","../widgets/ASlider"
"widgets","widgets","widgets/FileDialog/FileDialog"
"widgets","widgets","../widgets/MeterPanel"
"EditButtons","Down","EditButtons/Down.xpm      "
"BatProcessDialog","undefined","../BatProcessDialog"
"widgets","widgets","widgets/AudacityTextEntryDialog"
"Benmark","undefined","../Benmark"
"widgets","widgets","widgets/WindowAccessible"
"wx","wx","wx/textdlg"
"EditButtons","Hilite","EditButtons/Hilite.xpm       "
"WavFile","undefined","WavFile"
"STTypes","undefined","STTypes"
"EditButtons","CopyAlpha","EditButtons/CopyAlpha.xpm"
"PluginRegistrationDialog","undefined","../PluginRegistrationDialog"
"EditButtons","CutAlpha","EditButtons/CutAlpha.xpm"
"EditButtons","Paste","EditButtons/Paste.xpm       "
"EditButtons","Redo","EditButtons/Redo.xpm           "
"EditButtons","Silence","EditButtons/Silence.xpm     "
"EditButtons","Trim","EditButtons/Trim.xpm        "
"EditButtons","Undo","EditButtons/Undo.xpm"
"BPMDetect","undefined","BPMDetect"
"Screenot","undefined","../Screenot"
"wx","wx","wx/valgen"
"wx","wx","wx/valtext"
"io","undefined","io"
"SampleBlock","undefined","SampleBlock"
"fcntl","undefined","fcntl"
"EditButtons","Copy","EditButtons/Copy.xpm        "
"WaveClip","undefined","WaveClip"
"EditButtons","Cut","EditButtons/Cut.xpm        "
"EditButtons","PasteAlpha","EditButtons/PasteAlpha.xpm  "
"EditButtons","RedoAlpha","EditButtons/RedoAlpha.xpm  "
"ProjectRate","undefined","ProjectRate"
"effects","effects","../effects/EffectUI"
"effects","effects","../effects/RealtimeEffectManager"
"prefs","prefs","../prefs/EffectsPrefs"
"AAFilter","undefined","AAFilter"
"FIRFilter","undefined","FIRFilter"
"EditButtons","SilenceAlpha","EditButtons/SilenceAlpha.xpm  "
"wx","wx","wx/eventfilter"
"EditButtons","TrimAlpha","EditButtons/TrimAlpha.xpm  "
"EditButtons","UndoAlpha","EditButtons/UndoAlpha.xpm "
"EditButtons","ZoomIn","EditButtons/ZoomIn.xpm"
"SpectrumAnalyst","undefined","../SpectrumAnalyst"
"FIFOSampleBuffer","undefined","FIFOSampleBuffer"
"PeakFinder","undefined","PeakFinder"
"TrackPanelCell","undefined","TrackPanelCell"
"EditButtons","ZoomInAlpha","EditButtons/ZoomInAlpha.xpm"
"EditButtons","ZoomOut","EditButtons/ZoomOut.xpm"
"CommonCommandFlags","undefined","CommonCommandFlags"
"EditButtons","ZoomOutAlpha","EditButtons/ZoomOutAlpha.xpm"
"EditButtons","ZoomSel","EditButtons/ZoomSel.xpm"
"EditButtons","ZoomSelAlpha","EditButtons/ZoomSelAlpha.xpm"
"EditButtons","ZoomFit","EditButtons/ZoomFit.xpm"
"EditButtons","ZoomFitAlpha","EditButtons/ZoomFitAlpha.xpm"
"EditButtons","ZoomToggle","EditButtons/ZoomToggle.xpm"
"EditButtons","ZoomToggleAlpha","EditButtons/ZoomToggleAlpha.xpm"
"TimeDialog","undefined","../TimeDialog"
"EditButtons","PasteDisabled","EditButtons/PasteDisabled.xpm       "
"EditButtons","RedoDisabled","EditButtons/RedoDisabled.xpm           "
"cpu_detect","undefined","cpu_detect"
"commands","commands","commands/CommandManagerWindowClasses"
"CraReport","undefined","CraReport"
"atomic","undefined","atomic"
"toolbars","toolbars","../toolbars/ControlToolBar"
"tracks","ui","../tracks/ui/SelectHandle"
"wxFileNameWrapper","undefined","wxFileNameWrapper"
"AudioIOBase","undefined","AudioIOBase"
"Internat","undefined","Internat"
"RateTransposer","undefined","RateTransposer"
"CrossFade","undefined","CrossFade"
"iostream","undefined","iostream"
"vector","undefined","vector"
"sqlite3","undefined","sqlite3"
"TDStret","undefined","TDStret"
"FileException","undefined","FileException"
"SentryHelper","undefined","SentryHelper"
"Audacity","undefined","Audacity"
"Dependencies","undefined","Dependencies"
"EditButtons","SilenceDisabled","EditButtons/SilenceDisabled.xpm     "
"EditButtons","TrimDisabled","EditButtons/TrimDisabled.xpm        "
"EditButtons","UndoDisabled","EditButtons/UndoDisabled.xpm"
"EditButtons","CopyDisabled","EditButtons/CopyDisabled.xpm        "
"EditButtons","CutDisabled","EditButtons/CutDisabled.xpm      "
"cpuid","undefined","cpuid"
"wx","wx","wx/clipbrd"
"wx","wx","wx/dataobj"
"EditButtons","ZoomInDisabled","EditButtons/ZoomInDisabled.xpm"
"EditButtons","ZoomOutDisabled","EditButtons/ZoomOutDisabled.xpm"
"blockfile","blockfile","blockfile/SimpleBlockFile"
"DirManager","undefined","DirManager"
"FileFormats","undefined","FileFormats"
"EditButtons","ZoomSelDisabled","EditButtons/ZoomSelDisabled.xpm"
"mmintrin","undefined","mmintrin"
"EditButtons","ZoomFitDisabled","EditButtons/ZoomFitDisabled.xpm"
"EditButtons","ZoomToggleDisabled","EditButtons/ZoomToggleDisabled.xpm"
"EditButtons","LinkTracks","EditButtons/LinkTracks.xpm"
"EditButtons","LinkTracksAlpha","EditButtons/LinkTracksAlpha.xpm"
"prefs","prefs","prefs/QualityPrefs"
"EditButtons","LinkTracksDisabled","EditButtons/LinkTracksDisabled.xpm"
"widgets","widgets","widgets/ProgressDialog"
"unordered_map","undefined","unordered_map"
"Diags","undefined","Diags"
"MixerImages","Mic","MixerImages/Mic.xpm"
"wxa","undefined","wxa"
"xmmintrin","undefined","xmmintrin"
"MixerImages","MicAlpha","MixerImages/MicAlpha.xpm"
"wx","wx","wx/stopwat"
"Envelope","undefined","Envelope"
"TimeTrack","undefined","../TimeTrack"
"MixerImages","Speaker","MixerImages/Speaker.xpm"
"wx","wx","wx/bru"
"wx","wx","wx/pen"
"MixerImages","SpeakerAlpha","MixerImages/SpeakerAlpha.xpm"
"TrackUtilities","undefined","../TrackUtilities"
"MusicalInstruments","acoustic_guitar_gtr","MusicalInstruments/acoustic_guitar_gtr.xpm"
"ZoomInfo","undefined","ZoomInfo"
"EnvelopeEditor","undefined","EnvelopeEditor"
"SoundTouDLL","undefined","SoundTouDLL"
"soundtou","undefined","soundtou"
"MusicalInstruments","acoustic_piano_pno","MusicalInstruments/acoustic_piano_pno.xpm"
"MusicalInstruments","back_vocal_bg_vox","MusicalInstruments/back_vocal_bg_vox.xpm"
"TrackArtist","undefined","TrackArtist"
"TrackPanelDrawingContext","undefined","TrackPanelDrawingContext"
"MusicalInstruments","clap","MusicalInstruments/clap.xpm"
"ring","undefined","ring"
"LabelDefaultClickHandle","undefined","LabelDefaultClickHandle"
"LabelTrackView","undefined","LabelTrackView"
"tracks","playabletrack","../tracks/playabletrack/wavetrack/ui/WaveTrackControls"
"HitTestResult","undefined","../../../HitTestResult"
"LabelTrack","undefined","../../../LabelTrack"
"wx","wx","wx/dynlib"
"RefreCode","undefined","../../../RefreCode"
"TrackPanelMouseEvent","undefined","../../../TrackPanelMouseEvent"
"effects","effects","../effects/ScoreAlignDialog"
"LabelGlyHandle","undefined","LabelGlyHandle"
"wx","wx","wx/arrstr"
"MusicalInstruments","drums_dr","MusicalInstruments/drums_dr.xpm"
"sndfile","undefined","sndfile"
"MusicalInstruments","electric_bass_guitar_bs_gtr","MusicalInstruments/electric_bass_guitar_bs_gtr.xpm"
"MemoryX","undefined","MemoryX"
"MusicalInstruments","electric_guitar_gtr","MusicalInstruments/electric_guitar_gtr.xpm"
"ProjectHistory","undefined","../../../ProjectHistory"
"FreqWindow","undefined","FreqWindow"
"MusicalInstruments","electric_piano_pno_key","MusicalInstruments/electric_piano_pno_key.xpm"
"MusicalInstruments","kick","MusicalInstruments/kick.xpm"
"UndoManager","undefined","../../../UndoManager"
"MusicalInstruments","loop","MusicalInstruments/loop.xpm"
"SelectionState","undefined","../../../SelectionState"
"ProjectAudioIO","undefined","../../../ProjectAudioIO"
"MusicalInstruments","organ_org","MusicalInstruments/organ_org.xpm"
"tracks","ui","../../../tracks/ui/TimeiftHandle"
"wx","wx","wx/font"
"MusicalInstruments","perc","MusicalInstruments/perc.xpm"
"MusicalInstruments","sax","MusicalInstruments/sax.xpm"
"LabelTextHandle","undefined","LabelTextHandle"
"wx","wx","wx/scrolbar"
"MusicalInstruments","snare","MusicalInstruments/snare.xpm"
"wx","wx","wx/slider"
"MusicalInstruments","string_violin_cello","MusicalInstruments/string_violin_cello.xpm"
"MusicalInstruments","synth","MusicalInstruments/synth.xpm"
"wx","wx","wx/statusbr"
"MusicalInstruments","tambo","MusicalInstruments/tambo.xpm"
"SoundActivatedRecord","undefined","../SoundActivatedRecord"
"wx","wx","wx/wfstream"
"TimerRecordDialog","undefined","../TimerRecordDialog"
"MusicalInstruments","trumpet_horn","MusicalInstruments/trumpet_horn.xpm"
"MusicalInstruments","turntable","MusicalInstruments/turntable.xpm"
"MusicalInstruments","vibraphone_vibes","MusicalInstruments/vibraphone_vibes.xpm"
"MusicalInstruments","vocal_vox","MusicalInstruments/vocal_vox.xpm"
"prefs","prefs","../prefs/RecordingPrefs"
"prefs","prefs","../prefs/TracksPrefs"
"PitName","undefined","PitName"
"images","images","../../../../images/Cursors"
"LabelTrackControls","undefined","LabelTrackControls"
"toolbars","toolbars","../toolbars/TranscriptionToolBar"
"widgets","widgets","../../../widgets/PopupMenuTable"
"widgets","widgets","./widgets/HelpSystem"
"widgets","widgets","widgets/Ruler"
"uttleGui","undefined","../../../uttleGui"
"widgets","widgets","../../../widgets/wxPanelWrapper"
"commands","commands","commands/ScreenotCommand"
"wx","wx","wx/fontenum"
"ui","ui","../../ui/TimeiftHandle"
"TrackInfo","undefined","../TrackInfo"
"LabelTrackVRulerControls","undefined","LabelTrackVRulerControls"
"HistoryWindow","undefined","HistoryWindow"
"AColor","undefined","../../../AColor"
"prefs","prefs","../prefs/GUIPrefs"
"TrackArtist","undefined","../../../TrackArtist"
"TrackPanelDrawingContext","undefined","../../../TrackPanelDrawingContext"
"wx","wx","wx/spinctrl"
"MusicalInstruments","_default_instrument","MusicalInstruments/_default_instrument.xpm"
"ToolBarImages","DockUp","ToolBarImages/DockUp.xpm"
"ToolBarImages","DockDown","ToolBarImages/DockDown.xpm"
"ToolBarImages","DockOver","ToolBarImages/DockOver.xpm"
"ToolBarImages","DockUpShort","ToolBarImages/DockUpShort.xpm"
"ToolBarImages","DockDownShort","ToolBarImages/DockDownShort.xpm"
"ImageManipulation","undefined","ImageManipulation"
"AllemeResources","undefined","../../../AllemeResources"
"ToolBarImages","DockOverShort","ToolBarImages/DockOverShort.xpm"
"JournalEvents","undefined","JournalEvents"
"JournalOutput","undefined","JournalOutput"
"JournalRegistry","undefined","JournalRegistry"
"wx","osx","wx/osx/private"
"AppKit","AppKit","AppKit/NSApplication"
"objc","undefined","objc/objc"
"CoreFoundation","undefined","CoreFoundation/CoreFoundation"
"ODComputeSummaryTask","undefined","ODComputeSummaryTask"
"blockfile","blockfile","../blockfile/ODPCMAliasBlockFile"
"Sequence","undefined","../Sequence"
"JournalWindowPas","undefined","JournalWindowPas"
"map","undefined","map"
"mutex","undefined","mutex"
"optional","undefined","optional"
"ProjectSettings","undefined","../../../ProjectSettings"
"ProjectWindow","undefined","../../../ProjectWindow"
"ProjectWindows","undefined","../../../ProjectWindows"
"Audacity","h   ","../Audacity.h   // needed before FFmpeg.h // for USE_* macros"
"wx","wx","wx/tglbtn"
"blockfile","ODDecodeBlockFile","../blockfile/ODDecodeBlockFile.h // base class"
"ODDecodeFFmpegTask","undefined","ODDecodeFFmpegTask"
"AudacityException","undefined","AudacityException"
"Identifier","undefined","Identifier"
"wxArrayStringEx","undefined","wxArrayStringEx"
"eme","undefined","../../../eme"
"TrackPanelAx","undefined","../../../TrackPanelAx"
"functional","undefined","functional"
"TrackPanel","undefined","../../../TrackPanel"
"ODDecodeFlacTask","undefined","ODDecodeFlacTask"
"wx","wx","wx/toplevel"
"setjmp","undefined","setjmp"
"widgets","widgets","../../../widgets/AudacityTextEntryDialog"
"endian","undefined","endian"
"AppKit","undefined","AppKit/AppKit"
"wx","osx","wx/osx/core/private"
"wx","osx","wx/osx/cocoa/private"
"xldmem","undefined","xldmem"
"ControlButtons","Up","ControlButtons/Up.xpm"
"ControlButtons","Down","ControlButtons/Down.xpm"
"ControlButtons","Hilite","ControlButtons/Hilite.xpm"
"ODDecodeTask","undefined","ODDecodeTask"
"wx","wx","wx/weakref"
"blockfile","blockfile","../blockfile/ODDecodeBlockFile"
"ToolsButtons","DrawAlpha","ToolsButtons/DrawAlpha.xpm"
"LabelDialog","undefined","LabelDialog"
"ToolsButtons","Draw","ToolsButtons/Draw.xpm"
"LabelDialog","undefined","../../../LabelDialog"
"PlayableTrackButtonHandles","undefined","PlayableTrackButtonHandles"
"PlayableTrackControls","undefined","PlayableTrackControls"
"ODManager","undefined","ODManager"
"wx","wx","wx/grid"
"ODTask","undefined","ODTask"
"ODWaveTrackTaskQueue","undefined","ODWaveTrackTaskQueue"
"commands","commands","../../../commands/CommandManager"
"ToolsButtons","EnvelopeAlpha","ToolsButtons/EnvelopeAlpha.xpm"
"ToolsButtons","Envelope","ToolsButtons/Envelope.xpm"
"ToolsButtons","IBeamAlpha","ToolsButtons/IBeamAlpha.xpm"
"Track","undefined","../../../Track"
"LabelTrack","undefined","LabelTrack"
"ToolsButtons","IBeam","ToolsButtons/IBeam.xpm"
"TrackInfo","undefined","../../../TrackInfo"
"ToolsButtons","MultiAlpha","ToolsButtons/MultiAlpha.xpm"
"TrackUtilities","undefined","../../../TrackUtilities"
"ToolsButtons","Multi","ToolsButtons/Multi.xpm"
"tracks","labeltrack","tracks/labeltrack/ui/LabelTrackView"
"ToolsButtons","TimeShiftAlpha","ToolsButtons/TimeShiftAlpha.xpm"
"Profiler","undefined","../Profiler"
"widgets","widgets","widgets/Grid"
"ODTaskread","undefined","ODTaskread"
"ToolsButtons","TimeShift","ToolsButtons/TimeShift.xpm"
"limits","undefined","limits"
"ToolsButtons","ZoomAlpha","ToolsButtons/ZoomAlpha.xpm"
"ToolsButtons","Zoom","ToolsButtons/Zoom.xpm"
"tracks","ui","tracks/ui/TrackControls"
"macstuff","macstuff","macstuff.h */"
"vampostsdkostguard","undefined","vampostsdkostguard"
"limits","undefined","limits"
"float","undefined","float"
"ApplicationPrefs","undefined","ApplicationPrefs"
"wx","wx","wx/tokenzr"
"prefs","prefs","prefs/ImportExportPrefs"
"effects","effects","effects/TimeWarper"
"TimeTrackControls","undefined","TimeTrackControls"
"TranscriptionImages","StartOn","TranscriptionImages/StartOn.xpm"
"BatPrefs","undefined","BatPrefs"
"TimeTrack","undefined","../../../TimeTrack"
"ui","ui","../../ui/TrackView"
"TimeTrackVRulerControls","undefined","TimeTrackVRulerControls"
"DevicePrefs","undefined","DevicePrefs"
"Legacy","undefined","Legacy"
"RecordingPrefs","undefined","RecordingPrefs"
"string","undefined","string"
"wx","wx","wx/ffile"
"lilv_config","undefined","lilv_config"
"XMLWriter","undefined","XMLWriter"
"LogWindow","undefined","LogWindow"
"wx","wx","wx/filedlg"
"wx","wx","wx/icon"
"DirectoriesPrefs","undefined","DirectoriesPrefs"
"TimeTrackVZoomHandle","undefined","TimeTrackVZoomHandle"
"images","AudacityLogoAlpha","../images/AudacityLogoAlpha.xpm"
"Lyrics","undefined","Lyrics"
"TranscriptionImages","StartOnAlpha","TranscriptionImages/StartOnAlpha.xpm"
"TranscriptionImages","StartOnDisabled","TranscriptionImages/StartOnDisabled.xpm"
"TranscriptionImages","StartOff","TranscriptionImages/StartOff.xpm"
"TranscriptionImages","StartOffAlpha","TranscriptionImages/StartOffAlpha.xpm"
"TranscriptionImages","StartOffDisabled","TranscriptionImages/StartOffDisabled.xpm"
"TranscriptionImages","EndOn","TranscriptionImages/EndOn.xpm"
"wx","wx","wx/mimetype"
"TranscriptionImages","EndOnAlpha","TranscriptionImages/EndOnAlpha.xpm"
"TranscriptionImages","EndOnDisabled","TranscriptionImages/EndOnDisabled.xpm"
"ProjectWindowBase","undefined","ProjectWindowBase"
"TranscriptionImages","EndOff","TranscriptionImages/EndOff.xpm"
"TranscriptionImages","EndOffAlpha","TranscriptionImages/EndOffAlpha.xpm"
"widgets","widgets","../widgets/ReadOnlyText"
"widgets","widgets","../widgets/wxTextCtrlWrapper"
"LyricsWindow","undefined","LyricsWindow"
"UIHandle","undefined","../../../UIHandle"
"EffectsPrefs","undefined","EffectsPrefs"
"widgets","widgets","../../../widgets/Ruler"
"prefs","GUISettings","prefs/GUISettings.h // for RTL_WORKAROUND"
"TranscriptionImages","EndOffDisabled","TranscriptionImages/EndOffDisabled.xpm"
"TranscriptionImages","CalibrateUp","TranscriptionImages/CalibrateUp.xpm"
"TranscriptionImages","CalibrateAlpha","TranscriptionImages/CalibrateAlpha.xpm"
"TranscriptionImages","CalibrateDisabled","TranscriptionImages/CalibrateDisabled.xpm"
"TranscriptionImages","AutomateSelection","TranscriptionImages/AutomateSelection.xpm"
"ExtImportPrefs","undefined","ExtImportPrefs"
"TranscriptionImages","AutomateSelectionAlpha","TranscriptionImages/AutomateSelectionAlpha.xpm"
"wx","wx","wx/toolbar"
"TranscriptionImages","AutomateSelectionDisabled","TranscriptionImages/AutomateSelectionDisabled.xpm"
"images","AudacityLogo","../images/AudacityLogo.xpm"
"images","AudacityLogo48x48","../images/AudacityLogo48x48.xpm"
"Carbon","undefined","Carbon/Carbon"
"TranscriptionImages","MakeTag","TranscriptionImages/MakeTag.xpm"
"TranscriptionImages","MakeTagAlpha","TranscriptionImages/MakeTagAlpha.xpm"
"MIDIPlay","undefined","MIDIPlay"
"TranscriptionImages","MakeTagDisabled","TranscriptionImages/MakeTagDisabled.xpm"
"TimeTrackView","undefined","TimeTrackView"
"TranscriptionImages","SelectSound","TranscriptionImages/SelectSound.xpm"
"widgets","widgets","../widgets/Grid"
"portmidi","undefined","portmidi"
"porttime","undefined","porttime"
"GUIPrefs","undefined","GUIPrefs"
"ma","ma","ma/ma_time"
"profileapi","undefined","profileapi"
"sysinfoapi","undefined","sysinfoapi"
"timeapi","undefined","timeapi"
"TranscriptionImages","SelectSoundAlpha","TranscriptionImages/SelectSoundAlpha.xpm"
"sys","sys","sys/time"
"TranscriptionImages","SelectSoundDisabled","TranscriptionImages/SelectSoundDisabled.xpm"
"TranscriptionImages","SelectSilence","TranscriptionImages/SelectSilence.xpm"
"TranscriptionImages","SelectSilenceAlpha","TranscriptionImages/SelectSilenceAlpha.xpm"
"Envelope","undefined","../../../Envelope"
"EnvelopeEditor","undefined","../../../EnvelopeEditor"
"TranscriptionImages","SelectSilenceDisabled","TranscriptionImages/SelectSilenceDisabled.xpm"
"src","src","src/Audacity"
"emePrefs","undefined","emePrefs"
"toolbars","toolbars","toolbars/ToolManager"
"serd","undefined","serd/serd"
"sord","undefined","sord/sord"
"unordered_set","undefined","unordered_set"
"ImportExportPrefs","undefined","ImportExportPrefs"
"wx","wx","wx/windowptr"
"zix","zix","zix/tree"
"KeyConfigPrefs","undefined","KeyConfigPrefs"
"ui","ui","../../ui/EnvelopeHandle"
"TimeTrack","undefined","TimeTrack"
"FileDialog","undefined","../FileDialog"
"widgets","Ruler","widgets/Ruler.h // member variable"
"MixerBoard","undefined","MixerBoard"
"ViewInfo","h ","ViewInfo.h // for PlayRegion"
"MacroMagic","undefined","MacroMagic"
"wx","wx","wx/modaook"
"wx","msw","wx/msw/wrapcdlg"
"wx","msw","wx/msw/missing"
"NoteTrack","undefined","NoteTrack"
"FileConfig","h ","FileConfig.h // to inherit"
"widgets","widgets","../widgets/KeyView"
"serd_internal","undefined","serd_internal"
"LibraryPrefs","undefined","LibraryPrefs"
"wx","wx","wx/ma"
"initializer_list","undefined","initializer_list"
"wx","wx","wx/scopeguard"
"TrackPanel","h ","TrackPanel.h // for EVT_TRACK_PANEL_TIMER"
"TrackUtilities","undefined","TrackUtilities"
"MidiIOPrefs","undefined","MidiIOPrefs"
"widgets","widgets","widgets/MeterPanel"
"images","images","../images/MusicalInstruments"
"lobj","undefined","lobj"
"ADSR","undefined","ADSR"
"SKINI","SKINI","SKINI.msg"
"ModuleInterface","undefined","ModuleInterface"
"BiQuad","undefined","BiQuad"
"ModulePrefs","undefined","ModulePrefs"
"BowTable","undefined","BowTable"
"PluginInterface","undefined","PluginInterface"
"ModuleSettings","undefined","ModuleSettings"
"widgets","widgets","widgets/MultiDialog"
"ModuleSettings","undefined","../ModuleSettings"
"MousePrefs","undefined","MousePrefs"
"PlaybackPrefs","undefined","PlaybackPrefs"
"lib-srceader-substitutes","lib-srceader-substitutes","../lib-srceader-substitutes/allegro"
"sstream","undefined","sstream"
"serd_config","undefined","serd_config"
"PrefsDialog","undefined","PrefsDialog"
"InconsistencyException","undefined","InconsistencyException"
"Delay","undefined","Delay"
"DelayA","undefined","DelayA"
"DelayL","undefined","DelayL"
"wx","wx","wx/gdicmn"
"FileRead","undefined","FileRead"
"wx","wx","wx/listbook"
"wx","wx","wx/treebook"
"PlaybackSedule","undefined","PlaybackSedule"
"PrefsPanel","undefined","PrefsPanel"
"FileWvIn","undefined","FileWvIn"
"Filter","undefined","Filter"
"Internat","h ","Internat.h // for macro XO"
"Function","undefined","Function"
"QualityPrefs","undefined","QualityPrefs"
"directives","undefined","directives."
"PluginRegistrationDialog","undefined","PluginRegistrationDialog"
"EffectInterface","undefined","EffectInterface"
"JetTable","undefined","JetTable"
"Mandolin","undefined","Mandolin"
"Modal","undefined","Modal"
"wx","msw","wx/msw/msvcrt"
"AudioIOBase","h ","AudioIOBase.h // to inherit"
"PlaybackSchedule","h ","PlaybackSchedule.h // member variable"
"Printing","undefined","Printing"
"SpectrogramSettings","undefined","SpectrogramSettings"
"OnePole","undefined","OnePole"
"wx","wx","wx/print"
"wx","wx","wx/printdlg"
"NumberScale","undefined","NumberScale"
"OneZero","undefined","OneZero"
"utility","undefined","utility"
"SpectrumPrefs","undefined","SpectrumPrefs"
"PluckTwo","undefined","PluckTwo"
"PoleZero","undefined","PoleZero"
"ReedTabl","undefined","ReedTabl"
"ReedTable","undefined","ReedTable"
"wx","wx","wx/crt"
"SineWave","undefined","SineWave"
"WaveLoop","undefined","WaveLoop"
"WvIn","undefined","WvIn"
"jni","undefined","jni"
"android","android","android/log"
"TracksBaviorsPrefs","undefined","TracksBaviorsPrefs"
"commands","commands","commands/CommandFlag"
"ComponentInterface","h ","ComponentInterface.h // for ComponentInterfaceSymbol"
"TracksPrefs","undefined","TracksPrefs"
"include","include","../../../include/SoundTou"
"TimeiftEffect","undefined","TimeiftEffect"
"TrackPanelAx","undefined","TrackPanelAx"
"NoteTrackAffordanceControls","undefined","NoteTrackAffordanceControls"
"ui","ui","../../../ui/AffordanceHandle"
"WarningsPrefs","undefined","WarningsPrefs"
"ui","ui","../../../ui/SelectHandle"
"ui","ui","../../../ui/TrackView"
"AllemeResources","undefined","../../../../AllemeResources"
"widgets","widgets","widgets/MeterPanelBase"
"widgets","widgets","widgets/Warning"
"WaveformPrefs","undefined","WaveformPrefs"
"AColor","undefined","../../../../AColor"
"ProjectFSCK","undefined","ProjectFSCK"
"NoteTrack","undefined","../../../../NoteTrack"
"BlockFile","undefined","BlockFile"
"TrackArtist","undefined","../../../../TrackArtist"
"TrackPanelMouseEvent","undefined","../../../../TrackPanelMouseEvent"
"TrackPanelDrawingContext","undefined","../../../../TrackPanelDrawingContext"
"widgets","OverlayPanel","widgets/OverlayPanel.h // to inherit"
"ProjectHistory","undefined","../../../../ProjectHistory"
"SelectionState","undefined","../../../../SelectionState"
"ProjectSettings","undefined","../../../../ProjectSettings"
"WaveformSettings","undefined","WaveformSettings"
"RefreCode","undefined","../../../../RefreCode"
"eme","undefined","../../../../eme"
"NoteTrackButtonHandle","undefined","NoteTrackButtonHandle"
"HitTestResult","undefined","../../../../HitTestResult"
"NoteTrackControls","undefined","NoteTrackControls"
"ControlToolBar","undefined","ControlToolBar"
"CodeConversions","undefined","CodeConversions"
"ProjectSerializer","undefined","ProjectSerializer"
"TrackInfo","undefined","../../../../TrackInfo"
"ui","ui","../../ui/PlayableTrackButtonHandles"
"NoteTrackSliderHandles","undefined","NoteTrackSliderHandles"
"TrackPanel","undefined","../../../../TrackPanel"
"wx","wx","wx/debugrpt"
"XMLFileReader","undefined","XMLFileReader"
"ui","CommonTrackControls","../../ui/CommonTrackControls.h // to inherit"
"widgets","widgets","../../../../widgets/PopupMenuTable"
"ui","ui","../../ui/TrackVRulerControls"
"condition_variable","undefined","condition_variable"
"ImageManipulation","undefined","../ImageManipulation"
"ProjectWindows","undefined","../../../../ProjectWindows"
"ui","ui","../../ui/CommonTrackView"
"prefs","prefs","../../../../prefs/emePrefs"
"ui","ui","../../ui/ButtonHandle"
"ui","ui","../../ui/CommonTrackControls"
"widgets","widgets","../../../../widgets/ASlider"
"ProjectSelectionManager","undefined","ProjectSelectionManager"
"UIHandle","h ","../../../UIHandle.h // to inherit"
"tracks","ui","../tracks/ui/Scrubbing"
"DeviceToolBar","undefined","DeviceToolBar"
"ToolManager","undefined","ToolManager"
"wx","gtk","wx/gtk/filectrl"
"wxFileNameWrapper","h ","wxFileNameWrapper.h // member variable"
"SelectionState","undefined","SelectionState"
"Tags","undefined","Tags"
"ui","ui","../../../ui/TimeiftHandle"
"TrackPanel","undefined","TrackPanel"
"Types","undefined","audacity/Types"
"export","export","export/Export"
"import","import","import/ImportMIDI"
"toolbars","toolbars","toolbars/SelectionBar"
"widgets","widgets","widgets/UnwritableLocationErrorDialog"
"TrackPanelAx","undefined","../../../../TrackPanelAx"
"UndoManager","undefined","../../../../UndoManager"
"libavcodec","libavcodec","libavcodec/avcodec"
"libavformat","libavformat","libavformat/avformat"
"NoteTrackVRulerControls","undefined","NoteTrackVRulerControls"
"NoteTrackVZoomHandle","undefined","NoteTrackVZoomHandle"
"libavutil","libavutil","libavutil/error"
"libavutil","libavutil","libavutil/fifo"
"libavutil","libavutil","libavutil/maematics"
"widgets","widgets","../widgets/Grabber"
"EditToolBar","undefined","EditToolBar"
"widgets","widgets","../../../../widgets/Ruler"
"ui","ui","../../../ui/TrackVRulerControls"
"Effect","Effect","Effect.h "
"DelayL","DelayL","DelayL.h "
"images","images","../../../../../images/Cursors"
"SineWave","SineWave","SineWave.h "
"NoteTrackView","undefined","NoteTrackView"
"MeterToolBar","undefined","MeterToolBar"
"Internat","h ","Internat.h // for TranslatableString"
"wx","wx","wx/gbsizer"
"toolbars","toolbars","toolbars/MixerToolBar"
"toolbars","toolbars","toolbars/SpectralSelectionBar"
"toolbars","toolbars","toolbars/TimeToolBar"
"MixerToolBar","undefined","MixerToolBar"
"StretHandle","undefined","StretHandle"
"wx","wx","wx/dnd"
"ui","ui","../../../ui/CommonTrackPanelCell"
"ComponentInterface","h ","ComponentInterface.h // member variable"
"ProjectAudioIO","undefined","../../../../ProjectAudioIO"
"ScrubbingToolBar","undefined","ScrubbingToolBar"
"cstdint","undefined","cstdint"
"Delay","Delay","Delay.h "
"wx","wx","wx/ustring"
"widgets","widgets","widgets/NumericTextCtrl"
"prefs","prefs","prefs/TracksBaviorsPrefs"
"SelectionBar","undefined","SelectionBar"
"SelectionBarListener","undefined","SelectionBarListener"
"CutlineHandle","undefined","CutlineHandle"
"widgets","ASlider","widgets/ASlider.h // to inherit"
"Snap","h ","../../../../Snap.h // for kPixelTolerance"
"WaveTrack","undefined","../../../../WaveTrack"
"SampleHandle","undefined","SampleHandle"
"Envelope","undefined","../../../../Envelope"
"Snap","undefined","../Snap"
"wx","wx","wx/display"
"prefs","prefs","../../../../prefs/WaveformSettings"
"GuiFactory","undefined","GuiFactory"
"APanel","undefined","APanel"
"SpectralSelectionBar","undefined","SpectralSelectionBar"
"SpectralSelectionBarListener","undefined","SpectralSelectionBarListener"
"RealFFTf48x","undefined","RealFFTf48x"
"widgets","widgets","../../../../widgets/AudacityMessageBox"
"RealFFTf","undefined","RealFFTf"
"SseMaFuncs","undefined","SseMaFuncs"
"intrin","undefined","intrin"
"SpectrumVRulerControls","undefined","SpectrumVRulerControls"
"Dier","undefined","Dier"
"SpectrumVZoomHandle","undefined","SpectrumVZoomHandle"
"WaveTrackVRulerControls","undefined","WaveTrackVRulerControls"
"SampleFormat","undefined","SampleFormat"
"commands","commands","commands/CommandTargets"
"prefs","prefs","../../../../prefs/SpectrogramSettings"
"WaveTrackVZoomHandle","undefined","WaveTrackVZoomHandle"
"wx","wx","wx/dirdlg"
"wx","wx","wx/panel"
"ClientData","h ","ClientData.h // to inherit"
"TimeToolBar","undefined","TimeToolBar"
"sndmac","undefined","sndmac"
"SpectrumView","undefined","SpectrumView"
"swlogic","undefined","swlogic"
"WaveTrackView","undefined","WaveTrackView"
"WaveTrackViewConstants","undefined","WaveTrackViewConstants"
"ui","ui","../../../ui/BruHandle"
"ToolBar","undefined","ToolBar"
"AudioIOListener","h ","AudioIOListener.h // to inherit"
"zix","zix","zix/common"
"WaveClip","undefined","../../../../WaveClip"
"Prefs","h ","Prefs.h // to inherit"
"XMLTagHandler","h ","XMLTagHandler.h // to inherit"
"ToolDock","undefined","ToolDock"
"WaveTrackControls","undefined","WaveTrackControls"
"Menus","undefined","../../../../Menus"
"lv2","core","lv2/core/attributes"
"prefs","prefs","../../../../prefs/PrefsDialog"
"prefs","prefs","../../../../prefs/SpectrumPrefs"
"FileNames","h ","FileNames.h // for FileType"
"WaveTrackAffordanceControls","undefined","WaveTrackAffordanceControls"
"toolbars","SelectionBarListener","toolbars/SelectionBarListener.h // to inherit"
"TrackPanelResizeHandle","undefined","../../../../TrackPanelResizeHandle"
"toolbars","SpectralSelectionBarListener","toolbars/SpectralSelectionBarListener.h // to inherit"
"ProjectWindowBase","h ","ProjectWindowBase.h // to inherit"
"TrackPanelListener","h ","TrackPanelListener.h // to inherit"
"wx","wx","wx/region"
"EffectAutomationParameters","h ","EffectAutomationParameters.h // for command automation"
"WrappedType","undefined","WrappedType"
"uttleGetDefinition","undefined","uttleGetDefinition"
"ComponentInterfaceSymbol","undefined","ComponentInterfaceSymbol"
"uttlePrefs","undefined","uttlePrefs"
"wx","undefined","wx/wx"
"wx","wx","wx/wxprec"
"wx","wx","wx/minifram"
"wx","wx","wx/notebook"
"wx","wx","wx/simplebook"
"wx","wx","wx/treectrl"
"wx","wx","wx/popupwin"
"uttleGui","undefined","../../../../uttleGui"
"wx","wx","wx/wrapsizer"
"ComponentInterface","undefined","ComponentInterface"
"widgets","widgets","widgets/ReadOnlyText"
"widgets","widgets","widgets/wxTextCtrlWrapper"
"commands","commands","../../../../commands/AudacityCommand"
"extnpanel-src","extnpanel-src","../extnpanel-src/GuiWaveTrack"
"widgets","widgets","../widgets/MeterPanelBase"
"ui","ui","../../../ui/TextEditHelper"
"WaveTrackView","h","WaveTrackView.h//need only ClipParameters"
"ToolsToolBar","undefined","ToolsToolBar"
"cstdlib","undefined","cstdlib"
"Identifier","h ","Identifier.h // for FilePath"
"SoundActivatedRecord","undefined","SoundActivatedRecord"
"WaveTrackSliderHandles","undefined","WaveTrackSliderHandles"
"CellularPanel","undefined","../../../../CellularPanel"
"TranscriptionToolBar","undefined","TranscriptionToolBar"
"Shuttle","h ","Shuttle.h // to inherit"
"commands","CommandTargets","commands/CommandTargets.h // to inherit"
"ClientData","undefined","ClientData"
"effects","effects","../../../../effects/RealtimeEffectManager"
"lv2","lv2","lv2/pat/pat"
"SpectralDataManager","undefined","SpectralDataManager"
"widgets","NumericTextCtrl","widgets/NumericTextCtrl.h // member variable"
"SpectrumTransformer","undefined","./SpectrumTransformer"
"widgets","wxPanelWrapper","widgets/wxPanelWrapper.h // to inherit"
"tracks","playabletrack","tracks/playabletrack/wavetrack/ui/SpectrumView"
"VoiceKey","undefined","../VoiceKey"
"SpectrumAnalyst","undefined","SpectrumAnalyst"
"SpectrumTransformer","undefined","SpectrumTransformer"
"AccessibleLinksFormatter","undefined","AccessibleLinksFormatter"
"UpdateDataParser","undefined","UpdateDataParser"
"UpdateManager","undefined","UpdateManager"
"UpdatePopupDialog","undefined","UpdatePopupDialog"
"UpdateNoticeDialog","undefined","UpdateNoticeDialog"
"ui","PlayableTrackControls","../../ui/PlayableTrackControls.h // to inherit"
"ui","ui","../../../ui/SliderHandle"
"ui","ui","../../../ui/CommonTrackView"
"XMLTagHandler","undefined","XMLTagHandler"
"SampleBlock","h ","SampleBlock.h // to inherit"
"WaveTrackLocation","undefined","../../../../WaveTrackLocation"
"wx","wx","wx/longlong"
"ui","TrackVRulerControls","../../../ui/TrackVRulerControls.h // to inherit"
"UIHandle","h ","../../../../UIHandle.h // to inherit"
"WaveTrackVZoomHandle","h ","WaveTrackVZoomHandle.h // to inherit"
"WaveTrackView","h ","WaveTrackView.h // to inherit"
"VersionId","undefined","VersionId"
"AButton","undefined","AButton"
"wx","wx","wx/dcbuffer"
"WindowAccessible","undefined","WindowAccessible"
"ASlider","undefined","ASlider"
"wx","wx","wx/combobox"
"widgets","WindowAccessible","widgets/WindowAccessible.h // to inherit"
"wx","wx","wx/mstream"
"TrackPanelDrawable","h ","TrackPanelDrawable.h // to inherit"
"images","Aqua","../images/Aqua/HiliteButtonSquare.xpm"
"images","Aqua","../images/Aqua/UpButtonSquare.xpm"
"images","Aqua","../images/Aqua/DownButtonSquare.xpm"
"images","Aqua","../images/Aqua/Slider.xpm"
"images","Aqua","../images/Aqua/SliderThumb.xpm"
"images","Aqua","../images/Aqua/Down.xpm"
"images","Aqua","../images/Aqua/Hilite.xpm"
"images","Aqua","../images/Aqua/Up.xpm"
"images","Aqua","../images/Aqua/DownButtonStripes.xpm"
"images","Aqua","../images/Aqua/DownButtonWhite.xpm"
"images","Aqua","../images/Aqua/HiliteButtonStripes.xpm"
"images","Aqua","../images/Aqua/HiliteButtonWhite.xpm"
"images","Aqua","../images/Aqua/UpButtonStripes.xpm"
"images","Aqua","../images/Aqua/UpButtonWhite.xpm"
"images","images","../images/PostfiButtons"
"images","images","../images/ControlButtons"
"images","images","../images/EditButtons"
"images","images","../images/MixerImages"
"images","images","../images/Cursors"
"images","images","../images/ToolBarButtons"
"images","images","../images/TranscriptionButtons"
"images","images","../images/ToolsButtons"
"images","ExpandingToolBar","../images/ExpandingToolBar/ToolBarToggle.xpm"
"images","ExpandingToolBar","../images/ExpandingToolBar/ToolBarTarget.xpm"
"images","ExpandingToolBar","../images/ExpandingToolBar/ToolBarGrabber.xpm"
"images","ControlButtons","../images/ControlButtons/Slider.xpm"
"images","ControlButtons","../images/ControlButtons/SliderThumb.xpm"
"images","SliderThumb","../images/SliderThumb.xpm"
"images","SliderThumbAlpha","../images/SliderThumbAlpha.xpm"
"images","Aqua","../images/Aqua.xpm"
"images","images","../images/GlyImages"
"images","images","../images/UploadImages"
"widgets","PopupMenuTable","../../../../widgets/PopupMenuTable.h // to inherit"
"commands","commands","../../../../commands/CommandContext"
"DarkemeAsCeeCode","undefined","DarkemeAsCeeCode"
"LitemeAsCeeCode","undefined","LitemeAsCeeCode"
"ClassicemeAsCeeCode","undefined","ClassicemeAsCeeCode"
"HiContrastemeAsCeeCode","undefined","HiContrastemeAsCeeCode"
"TimeDialog","undefined","TimeDialog"
"ComponentInterfaceSymbol","h ","ComponentInterfaceSymbol.h // for EnumValueSymbol"
"tracks","ui","tracks/ui/CommonTrackPanelCell.h // to inherit"
"typeinfo","undefined","typeinfo"
"prefs","prefs","../../../../prefs/TracksPrefs"
"valnum","undefined","valnum"
"ui","ui","../../../ui/ButtonHandle"
"AttaableScrollBar","undefined","AttaableScrollBar"
"mapinls","undefined","mapinls"
"AudacityMessageBox","undefined","AudacityMessageBox"
"sndwin32","undefined","sndwin32"
"TimerRecordDialog","undefined","TimerRecordDialog"
"war","undefined","war"
"AudacityTextEntryDialog","undefined","AudacityTextEntryDialog"
"BackedPanel","undefined","BackedPanel"
"ErrorDialog","undefined","ErrorDialog"
"wx","wx","wx/calctrl"
"WaveformVRulerControls","undefined","WaveformVRulerControls"
"WaveformVZoomHandle","undefined","WaveformVZoomHandle"
"wx","wx","wx/collpane"
"wx","wx","wx/datectrl"
"yvals","undefined","yvals"
"winmain2","undefined","winmain2"
"UIHandle","undefined","../../../../UIHandle"
"WaveTrackLocation","undefined","WaveTrackLocation"
"down-9x16","down-9x16","down-9x16.xpm"
"fav-down-16x16","fav-down-16x16","fav-down-16x16.xpm"
"fav-up-16x16","fav-up-16x16","fav-up-16x16.xpm"
"power-off-16x16","power-off-16x16","power-off-16x16.xpm"
"HelpSystem","undefined","HelpSystem"
"ErrorReportDialog","undefined","ErrorReportDialog"
"power-on-16x16","power-on-16x16","power-on-16x16.xpm"
"remove-16x16","remove-16x16","remove-16x16.xpm"
"WaveformView","undefined","WaveformView"
"settings-down-16x16","settings-down-16x16","settings-down-16x16.xpm"
"settings-up-16x16","settings-up-16x16","settings-up-16x16.xpm"
"up-9x16","up-9x16","up-9x16.xpm"
"ui","ui","../../../ui/EnvelopeHandle"
"tracks","ui","tracks/ui/CommonTrackPanelCell"
"type_traits","undefined","type_traits"
"EnvelopeEditor","undefined","../../../../EnvelopeEditor"
"portsmf","portsmf","../portsmf/allegro"
"ExpandingToolBar","undefined","ExpandingToolBar"
"TrackInfo","undefined","TrackInfo"
"FileHistory","undefined","FileHistory"
"tracks","ui","tracks/ui/CommonTrackControls"
"tracks","ui","tracks/ui/TrackButtonHandles"
"TrackPanelConstants","undefined","TrackPanelConstants"
"Grabber","undefined","Grabber"
"istream","undefined","istream"
"tracks","playabletrack","tracks/playabletrack/wavetrack/ui/SampleHandle"
"tracks","ui","tracks/ui/EnvelopeHandle"
"tracks","ui","tracks/ui/TimeiftHandle"
"this file instead of ","undefined","this file instead of "
"Grid","undefined","Grid"
"stddef","undefined","stddef"
"TrackPanelResizeHandle","undefined","TrackPanelResizeHandle"
"cppext","undefined","cppext"
"longque","undefined","longque"
"TrackPanelResizerCell","undefined","TrackPanelResizerCell"
"textio","undefined","textio"
"typein","undefined","typein"
"button","undefined","button"
"tracks","ui","tracks/ui/TrackVRulerControls"
"slider","undefined","slider"
"winmain","undefined","winmain"
"windows","h            ","windows.h            /* required for all Windows applications */"
"winmain","h            ","winmain.h            /* specific to this program          */"
"wx","wx","wx/regex"
"TrackPanelDrawable","undefined","TrackPanelDrawable"
"mapiwin","undefined","mapiwin"
"wx","wx","wx/cursor"
"wx","wx","wx/translation"
"resource","undefined","resource"
"xlispfns","undefined","xlispfns"
"wx","wx","wx/uri"
"HtmlWindow","undefined","HtmlWindow"
"winfun","undefined","winfun"
"saudio","undefined","saudio"
"ImageRoll","undefined","ImageRoll"
"wx","wx","wx/fileconf"
"KeyView","undefined","KeyView"
"widgets","widgets","widgets/OverlayPanel"
"wx","wx","wx/mousestate"
"wx","wx","wx/vlbox"
"MeterPanel","undefined","MeterPanel"
"wxaset","undefined","wxaset"
"WaveTrack","h          ","WaveTrack.h          // temp"
"NoteTrack","h  ","NoteTrack.h  // for Sonify* function declarations"
"VoiceKey","undefined","VoiceKey"
"wx","wx","wx/numdlg"
"AudacityException","h ","AudacityException.h // to inherit"
"Spectrum","undefined","Spectrum"
"wx","wx","wx/wxar"
"cstddef","undefined","cstddef"
"UserException","undefined","UserException"
"prefs","prefs","prefs/SpectrogramSettings"
"omp","undefined","omp"
"images","SpeakerMenu","../../images/SpeakerMenu.xpm"
"images","MicMenu","../../images/MicMenu.xpm"
"MeterPanelBase","undefined","MeterPanelBase"
"MultiDialog","undefined","MultiDialog"
"immintrin","undefined","immintrin"
"wx","wx","wx/radiobox"
"wxPanelWrapper","undefined","wxPanelWrapper"
"NumericTextCtrl","undefined","NumericTextCtrl"
"NetworkManagerApi","undefined","NetworkManagerApi"
"prefs","prefs","prefs/WaveformSettings"
"ostream","undefined","ostream"
"cassert","undefined","cassert"
"CraReportApp","undefined","CraReportApp"
"Overlay","undefined","Overlay"
"memory","undefined","memory"
"wx","wx","wx/cmdline"
"wx","wx","wx/artype"
"wx","wx","wx/artprov"
"OverlayPanel","undefined","OverlayPanel"
"google_breakpad","processor","google_breakpad/processor/basic_source_line_resolver"
"google_breakpad","processor","google_breakpad/processor/minidump_processor"
"google_breakpad","processor","google_breakpad/processor/process_state"
"google_breakpad","processor","google_breakpad/processor/minidump"
"processor","processor","processor/stackwalk_common"
"warning","warning","warning.xpm"
"locale","undefined","locale"
"codecvt","undefined","codecvt"
"client","windows","client/windows/sender/cra_report_sender"
"common","common","common/linuxttp_upload"
"PopupMenuTable","undefined","PopupMenuTable"
"fstream","undefined","fstream"
"allegro","undefined","allegro"
"audioreader","undefined","audioreader"
"audiofilereader","undefined","audiofilereader"
"alignfiles","undefined","alignfiles"
"scorealign","undefined","scorealign"
"assert","undefined","assert"
"ProgressDialog","undefined","ProgressDialog"
"snd","undefined","snd"
"Prefs","h ","Prefs.h // for EnumSetting"
"wx","wx","wx/gauge"
"windows","undefined","windows"
"wx","wx","wx/sound"
"sautils","undefined","sautils"
"Ruler","undefined","Ruler"
"gen_roma","undefined","gen_roma"
" comp_roma","undefined"," comp_roma"
"Client","undefined","Client"
"UnwritableLocationErrorDialog","undefined","UnwritableLocationErrorDialog"
"Host","undefined","Host"
"SpecialHost","undefined","SpecialHost"
"comp_roma","undefined","comp_roma"
"ClientDataHelpers","undefined","ClientDataHelpers"
"Warning","undefined","Warning"
"iterator","undefined","iterator"
"hillclimb","undefined","hillclimb"
"curvefit","undefined","curvefit"
"stdlib","h ","stdlib.h // for OSX compatibility, malloc.h -"
"fft3","fft3","fft3/FFT3"
"numformatter","undefined","numformatter"
"mfmidi","undefined","mfmidi"
"wx","msw","wx/msw/private"
"main","undefined","main"
"ZoomInfo","h ","ZoomInfo.h // to inherit"
"regression","undefined","regression"
"ctype","undefined","ctype"
"wxWidgetsBasicUI","undefined","wxWidgetsBasicUI"
"MemoryX","h ","MemoryX.h // for Destroy_ptr"
"widgets","widgets","widgets/ErrorDialog"
"widgets","widgets","widgets/ErrorReportDialog"
"stdarg","undefined","stdarg"
"wx","wx","wx/progdlg"
"crtdbg","undefined","crtdbg"
"portburn","undefined","portburn"
"portburn_staging","undefined","portburn_staging"
"DiscRecording","undefined","DiscRecording/DiscRecording"
"CraReportContext","undefined","CraReportContext"
"client","macandler","client/macandler/exceptionandler"
"client","linuxandler","client/linuxandler/exceptionandler"
"imapi","undefined","imapi"
"imapi2","undefined","imapi2"
"client","windowsandler","client/windowsandler/exceptionandler"
"tar","undefined","tar"
"imapierror","undefined","imapierror"
"buffer","undefined","buffer"
"sbsms","undefined","sbsms"
"utils","undefined","utils"
"dBTable","undefined","dBTable"
"imapi2error","undefined","imapi2error"
"Objidl","undefined","Objidl"
"ObjBase","undefined","ObjBase"
"fft","undefined","fft"
"signal","undefined","signal"
"Windows","undefined","Windows"
"grain","undefined","grain"
"real","undefined","real"
"memory","undefined","memory"
"algrd_internal","undefined","algrd_internal"
"algsmfrd_internal","undefined","algsmfrd_internal"
"trace","trace","trace.h -- only needed for debugging"
"sincCoeffs","undefined","sincCoeffs"
"inttypes","h ","inttypes.h // for PRId64"
"new","undefined","new"
"trace","undefined","trace"
"string","undefined","string"
"config","undefined","config"
"strparse","undefined","strparse"
"subband","undefined","subband"
"array","undefined","array"
"sms","undefined","sms"
"errno","undefined","errno"
"wx","wx","wx/fdrepdlg"
"track","undefined","track"
"iomanip","undefined","iomanip"
"synTable","undefined","synTable"
"trackpoint","undefined","trackpoint"
"cstring","undefined","cstring"
"BlockFile","undefined","../BlockFile"
"FileException","undefined","../FileException"
"FFT3","undefined","FFT3"
"AmplitudeFollower","undefined","AmplitudeFollower"
"Deviceange","undefined","Deviceange"
"wx","wx","wx/module"
"wx","wx","wx/read"
"FixedTempoEstimator","undefined","FixedTempoEstimator"
"mmsystem","undefined","mmsystem"
"mmdeviceapi","undefined","mmdeviceapi"
"audioclient","undefined","audioclient"
"libudev","undefined","libudev"
"locale","undefined","locale"
"PercussionOnsetDetector","undefined","PercussionOnsetDetector"
"CoreAudio","undefined","CoreAudio/CoreAudio"
"PowerSpectrum","undefined","PowerSpectrum"
"SpectralCentroid","undefined","SpectralCentroid"
"pa_win_wasapi","undefined","pa_win_wasapi"
"ieeefp","undefined","ieeefp"
"DeviceChange","h ","DeviceChange.h // for HAVE_DEVICE_CHANGE"
"ZeroCrossing","undefined","ZeroCrossing"
"vamp","undefined","vamp/vamp"
"ConfigInterface","undefined","ConfigInterface"
"EffectAutomationParameters","undefined","EffectAutomationParameters"
"vamp-sdk","vamp-sdk","vamp-sdk/PluginAdapter"
"widgets","wxPanelWrapper","../widgets/wxPanelWrapper.h // to inherit"
"wx","wx","wx/atomic"
"Registrar","undefined","Registrar"
"vampostsdk","vampostsdk","vampostsdk/PluginHostAdapter"
"vampostsdk","vampostsdk","vampostsdk/PluginInputDomainAdapter"
"vampostsdk","vampostsdk","vampostsdk/PluginLoader"
"system","undefined","system"
"FileIO","undefined","FileIO"
"MyPlugin","undefined","MyPlugin"
"bitset","undefined","bitset"
"to indicate otherwise hidden link dependencies","undefined","to indicate otherwise hidden link dependencies"
"CommandFunctors","undefined","CommandFunctors"
"ModuleConstants","undefined","ModuleConstants"
"seq2midi","undefined","seq2midi"
"CommandFlag","undefined","CommandFlag"
"crtdbg","h ","crtdbg.h // for memory allocation debugging"
"sys","sys","sys/mount"
"sys","sys","sys/statfs"
"usr","include","/usr/include/linux/magic"
"fileapi","undefined","fileapi"
"midicode","undefined","midicode"
"Validators","undefined","Validators"
"CommandMisc","undefined","CommandMisc"
"CurlHandleManager","undefined","CurlHandleManager"
"CurlResponse","undefined","CurlResponse"
"widgets","ProgressDialog","../widgets/ProgressDialog.h // Member variable"
"CurlResponseFactory","undefined","CurlResponseFactory"
"CurlStringList","undefined","CurlStringList"
"curl","undefined","curl/curl"
"VSTControlGTK","undefined","VSTControlGTK"
"VSTControlMSW","undefined","VSTControlMSW"
"VSTEffect","undefined","VSTEffect"
"InterpolateAudio","undefined","InterpolateAudio"
"ModuleManager","undefined","../../ModuleManager"
"widgets","widgets","../../widgets/ProgressDialog"
"Matrix","undefined","Matrix"
"PlatformCompatibility","undefined","../../PlatformCompatibility"
"wx","wx","wx/buffer"
"wx","wx","wx/busyinfo"
"soxr","undefined","soxr"
"SampleCount","undefined","SampleCount"
"Dither","h ","Dither.h // CYCLE"
"wx","wx","wx/recguard"
"wx","wx","wx/scrolwin"
"CookiesList","undefined","CookiesList"
"lwapi","undefined","lwapi"
"DateTimeConversions","undefined","DateTimeConversions"
"HeadersList","undefined","HeadersList"
"cctype","undefined","cctype"
"SelectFile","undefined","../../SelectFile"
"IResponseFactory","undefined","IResponseFactory"
"curl","curl","curl/CurlResponseFactory"
"Request","undefined","Request"
"uttleGui","undefined","../../uttleGui"
"effects","effects","../../effects/Effect"
"widgets","widgets","../../widgets/valnum"
"widgets","widgets","../../widgets/AudacityMessageBox"
"widgets","widgets","../../widgets/NumericTextCtrl"
"cerrno","undefined","cerrno"
"widgets","widgets","../../widgets/WindowAccessible"
"VSTControlOSX","undefined","VSTControlOSX"
"AudioUnitEffect","undefined","AudioUnitEffect"
"set","undefined","set"
"wx","wx","wx/base64"
"wx","wx","wx/control"
"Registry","undefined","Registry"
"SelectedRegion","undefined","SelectedRegion"
"AnonymizedMessage","undefined","AnonymizedMessage"
"regex","undefined","regex"
"SentryReport","undefined","SentryReport"
"chrono","undefined","chrono"
"widgets","widgets","../../widgets/wxPanelWrapper"
"rapidjson","rapidjson","rapidjson/document"
"rapidjson","rapidjson","rapidjson/writer"
"rapidjson","rapidjson","rapidjson/prettywriter"
"wx","wx","wx/platinfo"
"Uuid","undefined","Uuid"
"IResponse","undefined","IResponse"
"SentryRequestBuilder","undefined","SentryRequestBuilder"
"UrlDecode","undefined","UrlDecode"
"HexHelpers","undefined","HexHelpers"
"UrlEncode","undefined","UrlEncode"
"wx","wx","wx/version"
"LV2Effect","undefined","LV2Effect"
"clocale","undefined","clocale"
"CoreFoundation","CoreFoundation","CoreFoundation/CFLocale"
"wx","osx","wx/osx/core/cfstring"
"FutureStrings","undefined","FutureStrings"
"TranslatableString","undefined","TranslatableString"
"wx","wx","wx/msgqueue"
"expat","undefined","expat"
"XMLMeodRegistry","undefined","XMLMeodRegistry"
"lilv","undefined","lilv/lilv"
"suil","undefined","suil/suil"
"wx","msw","wx/msw/winundef"
"lv2","lv2","lv2/atom/atom"
"lv2","atom","lv2/atom/forge"
"lv2","atom","lv2/atom/util"
"lv2","lv2","lv2/instance-access/instance-access"
"lv2","lv2","lv2/port-groups/port-groups"
"lv2","lv2","lv2/parameters/parameters"
"lv2","lv2","lv2/state/state"
"lv2","lv2","lv2/ui/ui"
"wx","msw","wx/msw/wrapwin"
"ModNullCallback","undefined","ModNullCallback"
"LoadLV2","undefined","LoadLV2"
"wx","wx","wx/aboutdlg"
"wx","wx","wx/fontdlg"
"wx","wx","wx/msgdlg"
"wx","wx","wx/splitter"
"lv2","lv2","lv2/event/event"
"lv2","lv2","lv2/port-props/port-props"
"lv2","lv2","lv2/uri-map/uri-map"
"lv2","lv2","lv2/presets/presets"
"LoadNyquist","undefined","LoadNyquist"
"Nyquist","undefined","Nyquist"
"effects","nyquist","effects/nyquist/Nyquist"
"src","commands","../../src/commands/CommandContext"
"src","commands","../../src/commands/CommandManager"
"NyqBen","undefined","NyqBen"
"images","document-new-small","images/document-new-small.xpm"
"images","document-open-small","images/document-open-small.xpm"
"images","document-save-as-small","images/document-save-as-small.xpm"
"images","document-save-small","images/document-save-small.xpm"
"images","edit-clear-small","images/edit-clear-small.xpm"
"images","edit-copy-small","images/edit-copy-small.xpm"
"images","edit-cut-small","images/edit-cut-small.xpm"
"images","edit-delete-small","images/edit-delete-small.xpm"
"images","edit-find-small","images/edit-find-small.xpm"
"images","edit-paste-small","images/edit-paste-small.xpm"
"images","edit-redo-small","images/edit-redo-small.xpm"
"images","edit-select-all-small","images/edit-select-all-small.xpm"
"images","edit-undo-small","images/edit-undo-small.xpm"
"images","go-top-small","images/go-top-small.xpm"
"images","go-up-small","images/go-up-small.xpm"
"images","go-previous-small","images/go-previous-small.xpm"
"images","go-next-small","images/go-next-small.xpm"
"images","system-search-small","images/system-search-small.xpm"
"images","media-playback-start-small","images/media-playback-start-small.xpm"
"images","media-playback-stop-small","images/media-playback-stop-small.xpm"
"images","document-new-large","images/document-new-large.xpm"
"images","document-open-large","images/document-open-large.xpm"
"images","document-save-as-large","images/document-save-as-large.xpm"
"images","document-save-large","images/document-save-large.xpm"
"images","edit-clear-large","images/edit-clear-large.xpm"
"images","edit-copy-large","images/edit-copy-large.xpm"
"images","edit-cut-large","images/edit-cut-large.xpm"
"images","edit-delete-large","images/edit-delete-large.xpm"
"images","edit-find-large","images/edit-find-large.xpm"
"images","edit-paste-large","images/edit-paste-large.xpm"
"images","edit-redo-large","images/edit-redo-large.xpm"
"images","edit-select-all-large","images/edit-select-all-large.xpm"
"images","edit-undo-large","images/edit-undo-large.xpm"
"images","go-top-large","images/go-top-large.xpm"
"images","go-up-large","images/go-up-large.xpm"
"images","go-previous-large","images/go-previous-large.xpm"
"images","go-next-large","images/go-next-large.xpm"
"images","system-search-large","images/system-search-large.xpm"
"images","media-playback-start-large","images/media-playback-start-large.xpm"
"images","media-playback-stop-large","images/media-playback-stop-large.xpm"
"wx","mac","wx/mac/uma"
"PluginManager","undefined","../../PluginManager"
"RealFFTf","undefined","../RealFFTf"
"ScripterCallback","undefined","ScripterCallback"
"commands","commands","commands/ScriptCommandRelay"
"Audacity","undefined","../Audacity"
"LegacyAliasBlockFile","undefined","LegacyAliasBlockFile"
"LegacyBlockFile","undefined","LegacyBlockFile"
"DirManager","undefined","../DirManager"
"FileFormats","undefined","../FileFormats"
"xml","xml","../xml/XMLTagHandler"
"wx","wx","wx/numformatter"
"NotYetAvailableException","undefined","NotYetAvailableException"
"EffectManager","undefined","../EffectManager"
"ODDecodeBlockFile","undefined","ODDecodeBlockFile"
"LabelTrack","undefined","../../LabelTrack"
"NoteTrack","undefined","../../NoteTrack"
"TimeTrack","undefined","../../TimeTrack"
"prefs","prefs","../../prefs/SpectrogramSettings"
"ScoreAlignParams","undefined","ScoreAlignParams"
"ondemand","ondemand","../ondemand/ODManager"
"uttleGetDefinition","undefined","../../uttleGetDefinition"
"ODPCMAliasBlockFile","undefined","ODPCMAliasBlockFile"
"WaveClip","undefined","../../WaveClip"
"WaveTrack","undefined","../../WaveTrack"
"prefs","prefs","../../prefs/GUIPrefs"
"tracks","playabletrack","../../tracks/playabletrack/wavetrack/ui/WaveTrackView"
"tracks","playabletrack","../../tracks/playabletrack/wavetrack/ui/WaveTrackViewConstants"
"PCMAliasBlockFile","undefined","PCMAliasBlockFile"
"widgets","widgets","../../widgets/FileDialog/FileDialog"
"lib-src","libnyquist","../../../lib-src/libnyquist/nyquist/xlisp/xlisp"
"SilentBlockFile","undefined","SilentBlockFile"
"commands","commands","../../commands/ScriptCommandRelay"
"LoadVamp","undefined","LoadVamp"
"FileNames","h ","FileNames.h // for FileTypes"
"SimpleBlockFile","undefined","SimpleBlockFile"
"Prefs","undefined","../Prefs"
"AppCommandEvent","undefined","AppCommandEvent"
"AudacityCommand","undefined","AudacityCommand"
"CommandContext","undefined","CommandContext"
"VampEffect","undefined","VampEffect"
"wx","wx","wx/stockitem"
"vampostsdk","vampostsdk","vampostsdk/Plugin"
"vampostsdk","vampostsdk","vampostsdk/PluginannelAdapter"
"uttle","undefined","../uttle"
"uttleGui","undefined","../uttleGui"
"widgets","widgets","../widgets/ProgressDialog"
"widgets","widgets","../widgets/HelpSystem"
"widgets","widgets","../widgets/AudacityMessageBox"
"BatEvalCommand","undefined","BatEvalCommand"
"CommandDirectory","undefined","CommandDirectory"
"Command","undefined","Command"
"ImportForwards","undefined","ImportForwards"
"wx","wx","wx/variant"
"CommandTargets","undefined","CommandTargets"
"CommandBuilder","undefined","CommandBuilder"
"AffordanceHandle","undefined","AffordanceHandle"
"HitTestResult","undefined","../../HitTestResult"
"ProjectAudioIO","undefined","../../ProjectAudioIO"
"RefreCode","undefined","../../RefreCode"
"SelectionState","undefined","../../SelectionState"
"CommandHandler","undefined","CommandHandler"
"ActiveProject","undefined","../ActiveProject"
"TrackPanelMouseEvent","undefined","../../TrackPanelMouseEvent"
"ProjectWindow","undefined","../ProjectWindow"
"ScriptCommandRelay","undefined","ScriptCommandRelay"
"commands","commands","../commands/CommandContext"
"commands","commands","../commands/Command"
"CommandManager","undefined","CommandManager"
"Track","undefined","../../Track"
"CommandManagerWindowClasses","undefined","CommandManagerWindowClasses"
"images","images","../../../images/Cursors"
"BackgroundCell","undefined","BackgroundCell"
"AColor","undefined","../../AColor"
"TrackArtist","undefined","../../TrackArtist"
"Journal","undefined","../Journal"
"JournalOutput","undefined","../JournalOutput"
"JournalRegistry","undefined","../JournalRegistry"
"Menus","undefined","../Menus"
"TrackPanel","undefined","../../TrackPanel"
"TrackPanelConstants","undefined","../../TrackPanelConstants"
"TrackPanelDrawingContext","undefined","../../TrackPanelDrawingContext"
"KeyboardCapture","undefined","../KeyboardCapture"
"CommandSignature","undefined","CommandSignature"
"UIHandle","undefined","../../UIHandle"
"BruHandle","undefined","BruHandle"
"Scrubbing","undefined","Scrubbing"
"TrackView","undefined","TrackView"
"widgets","widgets","../widgets/wxPanelWrapper"
"SpectrumAnalyst","undefined","../../SpectrumAnalyst"
"CommandType","undefined","CommandType"
"CompareAudioCommand","undefined","CompareAudioCommand"
"LoadCommands","undefined","LoadCommands"
"Internat","undefined","../Internat"
"WaveTrack","undefined","../WaveTrack"
"ProjectHistory","undefined","../../ProjectHistory"
"ProjectSettings","undefined","../../ProjectSettings"
"ProjectWindow","undefined","../../ProjectWindow"
"widgets","widgets","../widgets/valnum"
"SelectUtilities","undefined","../../SelectUtilities"
"Demo","undefined","Demo"
"SpectralDataManager","undefined","../../SpectralDataManager"
"TrackPanelAx","undefined","../../TrackPanelAx"
"blockfile","ODDecodeBlockFile","../blockfile/ODDecodeBlockFile.h // to inherit"
"DragCommand","undefined","DragCommand"
"ProjectWindows","undefined","../ProjectWindows"
"GetInfoCommand","undefined","GetInfoCommand"
"effects","effects","../effects/EffectManager"
"widgets","widgets","../widgets/Overlay"
"TrackPanelAx","undefined","../TrackPanelAx"
"TrackPanel","undefined","../TrackPanel"
"WaveClip","undefined","../WaveClip"
"LabelTrack","undefined","../LabelTrack"
"Envelope","undefined","../Envelope"
"SelectCommand","undefined","SelectCommand"
"playabletrack","wavetrack","../playabletrack/wavetrack/ui/SpectrumView"
"tgma","undefined","tgma"
"prefs","prefs","../prefs/PrefsDialog"
"Audacity","h	","../Audacity.h	// contains the set-up of AUDACITY_DLL_API"
"PluginManager","undefined","../PluginManager"
"tracks","ui","../tracks/ui/TrackView"
"ButtonHandle","undefined","ButtonHandle"
"MemoryX","undefined","../MemoryX"
"GetTrackInfoCommand","undefined","GetTrackInfoCommand"
"CommonTrackControls","undefined","CommonTrackControls"
"TrackButtonHandles","undefined","TrackButtonHandles"
"TrackSelectHandle","undefined","TrackSelectHandle"
"HelpCommand","undefined","HelpCommand"
"Internat","h ","../Internat.h // for TranslatableString"
"ProjectWindows","undefined","../../ProjectWindows"
"ImportExportCommands","undefined","ImportExportCommands"
"TrackInfo","undefined","../../TrackInfo"
"ProjectFileManager","undefined","../ProjectFileManager"
"export","export","../export/Export"
"SelectUtilities","undefined","../SelectUtilities"
"TrackUtilities","undefined","../../TrackUtilities"
"Track","undefined","../Track"
"commands","commands","../../commands/AudacityCommand"
"Keyboard","undefined","Keyboard"
"commands","commands","../../commands/CommandManager"
"widgets","widgets","../../widgets/PopupMenuTable"
"MessageCommand","undefined","MessageCommand"
"CommonTrackPanelCell","undefined","CommonTrackPanelCell"
"OpenSaveCommands","undefined","OpenSaveCommands"
"commands","commands","../../commands/CommandContext"
"import","import","../import/ImportPlugin"
"ProjectFileIO","undefined","../ProjectFileIO"
"ProjectManager","undefined","../ProjectManager"
"CommonTrackView","undefined","CommonTrackView"
"PreferenceCommands","undefined","PreferenceCommands"
"TimeiftHandle","undefined","TimeiftHandle"
"TrackControls","undefined","TrackControls"
"ZoomHandle","undefined","ZoomHandle"
"ui","ui","../ui/SelectHandle"
"ResponseQueue","undefined","ResponseQueue"
"queue","undefined","queue"
"ScreenotCommand","undefined","ScreenotCommand"
"wx","wx","wx/dcscreen"
"EditCursorOverlay","undefined","EditCursorOverlay"
"AdornedRulerPanel","undefined","../AdornedRulerPanel"
"BatCommands","undefined","../BatCommands"
"AdornedRulerPanel","undefined","../../AdornedRulerPanel"
"effects","effects","../effects/Effect"
"toolbars","toolbars","../toolbars/ToolManager"
"Track","Track","../../Track.h //"
"EnvelopeHandle","undefined","EnvelopeHandle"
"Envelope","undefined","../../Envelope"
"EnvelopeEditor","undefined","../../EnvelopeEditor"
"prefs","prefs","../../prefs/WaveformSettings"
"ProjectSelectionManager","undefined","../ProjectSelectionManager"
"PlayIndicatorOverlay","undefined","PlayIndicatorOverlay"
"AudioIO","undefined","../../AudioIO"
"SetClipCommand","undefined","SetClipCommand"
"ProjectAudioManager","undefined","../../ProjectAudioManager"
"SetEnvelopeCommand","undefined","SetEnvelopeCommand"
"ProjectHistory","undefined","../ProjectHistory"
"UndoManager","undefined","../UndoManager"
"WaveformSettings","h ","WaveformSettings.h // for ScaleTypeValues"
"SetLabelCommand","undefined","SetLabelCommand"
"tracks","labeltrack","../tracks/labeltrack/ui/LabelTrackView"
"SetProjectCommand","undefined","SetProjectCommand"
"ScrubUI","undefined","ScrubUI"
"widgets","widgets","../../widgets/Overlay"
"toolbars","toolbars","../toolbars/SelectionBar"
"SetTrackInfoCommand","undefined","SetTrackInfoCommand"
"prefs","prefs","../prefs/WaveformSettings"
"prefs","prefs","../prefs/SpectrogramSettings"
"tracks","playabletrack","../tracks/playabletrack/wavetrack/ui/WaveTrackView"
"tracks","playabletrack","../tracks/playabletrack/wavetrack/ui/WaveTrackViewConstants"
"Amplify","undefined","Amplify"
"LoadEffects","undefined","LoadEffects"
"CommonCommandFlags","undefined","../../CommonCommandFlags"
"prefs","prefs","../../prefs/PlaybackPrefs"
"prefs","prefs","../../prefs/TracksPrefs"
"toolbars","toolbars","../../toolbars/ToolManager"
"AutoDuck","undefined","AutoDuck"
"SelectHandle","undefined","SelectHandle"
"AColor","undefined","../AColor"
"AllemeResources","undefined","../AllemeResources"
"eme","undefined","../eme"
"BassTreble","undefined","BassTreble"
"commands","commands","../commands/CommandFunctors"
"Biquad","undefined","Biquad"
"cmath","undefined","cmath"
"VersionPat","undefined","VersionPat"
"angePit","undefined","angePit"
"SliderHandle","undefined","SliderHandle"
"widgets","widgets","../../widgets/ASlider"
"TextEditHelper","undefined","TextEditHelper"
"PitName","undefined","../PitName"
"TimeWarper","undefined","TimeWarper"
", to avoid any mischief that might result","undefined",", to avoid any mischief that might result"
"SoundTou","undefined","SoundTou"
"angeSpeed","undefined","angeSpeed"
"Snap","undefined","../../Snap"
"widgets","widgets","../widgets/NumericTextCtrl"
"UndoManager","undefined","../../UndoManager"
"angeTempo","undefined","angeTempo"
"ImageRoll","h ","ImageRoll.h // member variable"
"wxPanelWrapper","h ","wxPanelWrapper.h // to inherit"
"ClickRemoval","undefined","ClickRemoval"
"Compressor","undefined","Compressor"
"wx","wx","wx/dragimag"
"tracks","ui","../../tracks/ui/TrackView"
"widgets","widgets","../widgets/Ruler"
"Contrast","undefined","Contrast"
"CommonCommandFlags","undefined","../CommonCommandFlags"
"NumericTextCtrl","h ","NumericTextCtrl.h // for NumericConverter::Type"
"SelectFile","undefined","../SelectFile"
"TrackVRulerControls","undefined","TrackVRulerControls"
"HtmlWindow","h ","HtmlWindow.h // to inherit"
"commands","commands","../commands/Keyboard"
"commands","commands","../commands/ScreenotCommand"
"Distortion","undefined","Distortion"
"MeterPanelBase","h ","MeterPanelBase.h // to inherit"
"Ruler","h ","Ruler.h // member variable"
"FileDialog","undefined","FileDialog"
"instr","undefined","instr"
"Instrmnt","undefined","Instrmnt"
"Clarinet","undefined","Clarinet"
"DtmfGen","undefined","DtmfGen"
"Saxofony","undefined","Saxofony"
"Bowed","undefined","Bowed"
"BandedWG","undefined","BandedWG"
"Mandolin","Mandolin","Mandolin.h "
"Sitar","undefined","Sitar"
"ModalBar","undefined","ModalBar"
"Flute","undefined","Flute"
"Internat","h ","Internat.h // for TranslatableStrings"
"EBUR128","undefined","EBUR128"
"Eo","undefined","Eo"
"Stk","undefined","Stk"
"stkinit","undefined","stkinit"
"xlisp","undefined","xlisp"
"stkint","undefined","stkint"
"NRev","undefined","NRev"
"JCRev","undefined","JCRev"
"Effect","undefined","Effect"
"PRCRev","undefined","PRCRev"
"Pitift","undefined","Pitift"
"orus","undefined","orus"
"AudioIO","undefined","../AudioIO"
"DBConnection","undefined","../DBConnection"
"Mix","undefined","../Mix"
"ProjectAudioManager","undefined","../ProjectAudioManager"
"ProjectSettings","undefined","../ProjectSettings"
"BackedPanel","h ","BackedPanel.h // to inherit"
"vampostsdk","vampostsdk","vampostsdk/PluginBufferingAdapter"
"BasicUI","h ","BasicUI.h // For ProgressResult"
"EffectManager","undefined","EffectManager"
"Window","undefined","Window"
"uttleGetDefinition","undefined","../uttleGetDefinition"
"fftw3","undefined","fftw3"
"commands","commands","../commands/AudacityCommand"
"NumberScale","h ","NumberScale.h // member variable"
"wx","wx","wx/listbox"
"EffectUI","undefined","EffectUI"
"ProjectWindowBase","undefined","../ProjectWindowBase"
"wx","wx","wx/access"
"RealtimeEffectManager","undefined","RealtimeEffectManager"
"wx","wx","wx/validate"
"FileDialog","undefined","FileDialog/FileDialog"
"wx","wx","wx/statline"
"Project","undefined","../Project"
"images","images","../../images/EffectRack/EffectRack"
"images","images","../../images/Effect"
"prefs","GUISettings","../prefs/GUISettings.h // for RTL_WORKAROUND"
"libavutil","libavutil","libavutil/samplefmt"
"libavutil","libavutil","libavutil/attributes"
"libavutil","libavutil","libavutil/avutil"
"libavutil","libavutil","libavutil/buffer"
"libavutil","libavutil","libavutil/cpu"
"libavutil","libavutil","libavutil/annel_layout"
"libavutil","libavutil","libavutil/dict"
"libavutil","libavutil","libavutil/frame"
"libavutil","libavutil","libavutil/log"
"libavutil","libavutil","libavutil/pixfmt"
"libavutil","libavutil","libavutil/rational"
"version","undefined","version"
"libavutil","libavutil","libavutil/mem"
"old_codec_ids","undefined","old_codec_ids"
"d3d9","undefined","d3d9"
"dxva2api","undefined","dxva2api"
"Cocoa","undefined","Cocoa/Cocoa"
"libavutil","libavutil","libavutil/common"
"VideoDecodeAcceleration","VideoDecodeAcceleration","VideoDecodeAcceleration/VDADecoder"
"libavcodec","libavcodec","libavcodec/version"
"vdpau","undefined","vdpau/vdpau"
"commands","commands","../commands/CommandManager"
"Equalization","undefined","Equalization"
"vdpau","vdpau","vdpau/vdpau_x11"
"libavutil","libavutil","libavutil/avconfig"
"avcodec","undefined","avcodec"
"libavutil","libavutil","libavutil/version"
"X11","extensions","X11/extensions/XvMC"
"avio","undefined","avio"
"libavformat","libavformat","libavformat/version"
"attributes","undefined","attributes"
"avutil","undefined","avutil"
"fifo","undefined","fifo"
"samplefmt","undefined","samplefmt"
"annel_layout","undefined","annel_layout"
"EnvelopeEditor","undefined","../EnvelopeEditor"
"log","undefined","log"
"TrackArtist","undefined","../TrackArtist"
"common","undefined","common"
"error","undefined","error"
"macros","undefined","macros"
"widgets","widgets","../widgets/AudacityTextEntryDialog"
"maematics","undefined","maematics"
"rational","undefined","rational"
"widgets","widgets","../widgets/WindowAccessible"
"widgets","widgets","../widgets/FileDialog/FileDialog"
"Equalization48x","undefined","Equalization48x"
"TrackPanelDrawingContext","undefined","../TrackPanelDrawingContext"
"pixfmt","undefined","pixfmt"
"float_cast","undefined","../float_cast"
"avstring","undefined","avstring"
"RealFFTf48x","undefined","../RealFFTf48x"
"inttypes","undefined","inttypes"
"emmintrin","undefined","emmintrin"
"Fade","undefined","Fade"
"FindClipping","undefined","FindClipping"
"mem","undefined","mem"
"frame","undefined","frame"
"Generator","undefined","Generator"
"prefs","prefs","../prefs/TracksBaviorsPrefs"
"Invert","undefined","Invert"
"dict","undefined","dict"
"pixdesc","undefined","pixdesc"
"Loudness","undefined","Loudness"
"bswap","undefined","bswap"
"Noise","undefined","Noise"
"intfloat","undefined","intfloat"
"NoiseReduction","undefined","NoiseReduction"
"cl","undefined","CL/cl"
"OpenCL","OpenCL","OpenCL/cl"
"SpectrumTransformer","undefined","../SpectrumTransformer"
"old_pix_fmts","undefined","old_pix_fmts"
"NoiseRemoval","undefined","NoiseRemoval"
"FileNames","undefined","../FileNames"
"PlatformCompatibility","undefined","../PlatformCompatibility"
"Normalize","undefined","Normalize"
"Paulstret","undefined","Paulstret"
"sse","undefined","sse"
"aser","undefined","aser"
"Repair","undefined","Repair"
"Repeat","undefined","Repeat"
"Reverb","undefined","Reverb"
"internal","undefined","internal"
"rdft_t","undefined","rdft_t"
"arm_neon","undefined","arm_neon"
"aliases","undefined","aliases"
"std-types","undefined","std-types"
"fenv","undefined","fenv"
"soxr-lsr","undefined","soxr-lsr"
"Reverb_libSoX","undefined","Reverb_libSoX"
"Reverse","undefined","Reverse"
"soxr-config","undefined","soxr-config"
"stdbool","undefined","stdbool"
"SBSMSEffect","undefined","SBSMSEffect"
"vamp-sdk","vamp-sdk","vamp-sdk/Plugin"
"ScienFilter","undefined","ScienFilter"
"hostguard","undefined","hostguard"
"vamp-sdk","vamp-sdk","vamp-sdk/PluginBase"
"PluginWrapper","undefined","PluginWrapper"
"Plugin","undefined","Plugin"
"ScoreAlignDialog","undefined","ScoreAlignDialog"
"PluginBase","undefined","PluginBase"
"PluginBufferingAdapter","undefined","PluginBufferingAdapter"
"PluginannelAdapter","undefined","PluginannelAdapter"
"PluginHostAdapter","undefined","PluginHostAdapter"
"PluginInputDomainAdapter","undefined","PluginInputDomainAdapter"
"PluginLoader","undefined","PluginLoader"
"PluginSummarisingAdapter","undefined","PluginSummarisingAdapter"
"RealTime","undefined","RealTime"
"plugguard","undefined","plugguard"
"scorealign-glue","undefined","scorealign-glue"
"Silence","undefined","Silence"
"SimpleMono","undefined","SimpleMono"
"SoundTouEffect","undefined","SoundTouEffect"
"NoteTrack","undefined","../NoteTrack"
"StereoToMono","undefined","StereoToMono"
"TimeScale","undefined","TimeScale"
"ToneGen","undefined","ToneGen"
"FIFOSamplePipe","undefined","FIFOSamplePipe"
"soundtou_config","undefined","soundtou_config"
"TruncSilence","undefined","TruncSilence"
"list","undefined","list"
"TwoPassSimpleMono","undefined","TwoPassSimpleMono"
"winutil","undefined","winutil"
"Ww","undefined","Ww"
"IResponseFactory","undefined","../IResponseFactory"
"CookiesList","undefined","../CookiesList"
"HeadersList","undefined","../HeadersList"
"deque","undefined","deque"
"IResponse","undefined","../IResponse"
"Export","undefined","Export"
"Request","undefined","../Request"
"wx","wx","wx/filectrl"
"readPool","undefined","readPool/readPool"
"aeffectx","undefined","aeffectx"
"VSTControl","undefined","VSTControl"
"prefs","prefs","../prefs/ImportExportPrefs"
"Tags","undefined","../Tags"
"widgets","widgets","../widgets/Warning"
"AudioUnit","AudioUnit","AudioUnit/AudioComponent"
"AudioUnit","undefined","AudioUnit/AudioUnit"
"AudioToolbox","AudioToolbox","AudioToolbox/AudioUnitUtilities"
"AudioUnit","AudioUnit","AudioUnit/AudioUnitProperties"
"wx","wx","wx/process"
"AUControl","undefined","AUControl"
"ladspa","undefined","ladspa"
"widgets","widgets","../widgets/FileHistory"
"lv2","lv2","lv2/data-access/data-access"
"id3tag","undefined","id3tag"
"FFmpeg","undefined","../FFmpeg"
"lv2","lv2","lv2/log/log"
"lv2","lv2","lv2/midi/midi"
"lv2","lv2","lv2/time/time"
"lv2","lv2","lv2/worker/worker"
"NativeWindow","undefined","NativeWindow"
"lv2_external_ui","undefined","lv2_external_ui"
"zix","zix","zix/ring"
"ExportFFmpegDialogs","undefined","ExportFFmpegDialogs"
"core","core","lv2/core/lv2"
"lv2","lv2","lv2/buf-size/buf-size"
"lv2","lv2","lv2/resize-port/resize-port"
"lv2","lv2","lv2/units/units"
"FLAC++","FLAC++","FLAC++/encoder"
"lv2","lv2plug","lv2/lv2plug.in/ns/extensions/ui/ui"
"Effect","undefined","../Effect"
"nyx","undefined","nyx"
"wx","wx","wx/stream"
"twolame","undefined","twolame"
"ExportMP3","undefined","ExportMP3"
"TrackControls","h ","TrackControls.h // to inherit"
"TrackPanelCell","undefined","../../TrackPanelCell"
"TrackView","h ","TrackView.h // to inherit"
"widgets","Overlay","../../widgets/Overlay.h // to inherit"
"AudioIOBase","h ","AudioIOBase.h // for ScrubbingOptions"
"commands","CommandManager","../../commands/CommandManager.h // for MenuTable"
"lame","undefined","lame/lame"
"ExportMultiple","undefined","ExportMultiple"
"AttaedVirtualFunction","undefined","AttaedVirtualFunction"
"wx","wx","wx/listbase"
"ui","ui","../ui/ButtonHandle"
"CommonTrackPanelCell","h ","CommonTrackPanelCell.h // to inherit"
"gtk","gtk","gtk/FileDialogPrivate"
"mac","mac","mac/FileDialogPrivate"
"win","win","win/FileDialogPrivate"
"swites","undefined","swites"
"SelectionState","undefined","../SelectionState"
":Types","h on the Mac, and true",":Types.h on the Mac, and true/false as #defined below"
"cleanup","undefined","cleanup"
"ha","undefined","ha"
"hash","hash","hash.h "
"vorbis","vorbis","vorbis/vorbisenc"
"harout","undefined","harout"
"stddef","stddef","stddef.h "
"midierr","undefined","midierr"
"cext","undefined","cext"
"midifns","undefined","midifns"
"userio","undefined","userio"
"timebase","undefined","timebase"
"moxc","undefined","moxc"
"MacTypes","undefined","MacTypes"
"cque","undefined","cque"
"debug","undefined","debug"
"stdefs","stdefs","stdefs.h */"
"sndfnintdefs","undefined","sndfnintdefs"
"seqfnintdefs","undefined","seqfnintdefs"
"sndfnintptrs","undefined","sndfnintptrs"
"seqfnintptrs","undefined","seqfnintptrs"
"fftw","undefined","fftw"
"sndwrite","undefined","sndwrite"
"widgets","widgets","../widgets/wxWidgetsBasicUI"
"stdefs","undefined","stdefs"
"globals","undefined","globals"
"FormatClassifier","undefined","FormatClassifier"
"stdint","undefined","stdint"
"cstdio","undefined","cstdio"
"Import","undefined","Import"
"ImportPlugin","undefined","ImportPlugin"
"FFmpeg      ","FFmpeg      ","../FFmpeg      // i brings in avcodec, avformat"
"FLAC++","FLAC++","FLAC++/decoder"
"Audacity","h	","../Audacity.h	// needed before GStreamer.h // for USE_* macros"
"ImportGStreamer","undefined","ImportGStreamer"
"gio","undefined","gio/gio"
"gst","app","gst/app/gstappsink"
"gst","audio","gst/audio/audio-format"
"ImportMIDI","undefined","ImportMIDI"
"mad","undefined","mad"
"vorbis","vorbis","vorbis/vorbisfile"
"Audacity","h ","../Audacity.h // for USE_* macros"
"QuickTime","undefined","QuickTime/QuickTime"
"ConditionalMacros","undefined","ConditionalMacros"
"Movies","undefined","Movies"
"QuickTimeComponents","undefined","QuickTimeComponents"
"Sound","undefined","Sound"
"Folders","undefined","Folders"
"ToolUtils","undefined","ToolUtils"
"Gestalt","undefined","Gestalt"
"Navigation","undefined","Navigation"
"ImportRaw","undefined","ImportRaw"
"RawAudioGuess","undefined","RawAudioGuess"
"MultiFormatReader","undefined","MultiFormatReader"
"exception","undefined","exception"
"stdexcept","undefined","stdexcept"
"SpecPowerMeter","undefined","SpecPowerMeter"
"tracks","ui","../tracks/ui/TimeiftHandle"
"Clipboard","undefined","../Clipboard"
